ID,Age,Experience,Income,ZIP Code,Family,CCAvg,Education,Mortgage,Personal Loan,Securities Account,CD Account,Online,CreditCard
1,25,1,49,91107,4,1.6,1,0,0,1,0,0,0
2,45,19,34,90089,3,1.5,1,0,0,1,0,0,0
3,39,15,11,94720,1,1.0,1,0,0,0,0,0,0
15,67,41,112,91741,1,2.0,1,0,0,1,0,0,0
18,42,18,81,94305,4,2.4,1,0,0,0,0,0,0
23,29,5,62,90277,1,1.2,1,260,0,0,0,1,0
24,44,18,43,91320,2,0.7,1,163,0,1,0,0,0
25,36,11,152,95521,2,3.9,1,159,0,0,0,0,1
26,43,19,29,94305,3,0.5,1,97,0,0,0,1,0
28,46,20,158,90064,1,2.4,1,0,0,0,0,1,1
36,48,24,81,92647,3,0.7,1,0,0,0,0,0,0
37,59,35,121,94720,1,2.9,1,0,0,0,0,0,1
42,34,9,60,94122,3,2.3,1,0,0,0,0,0,0
44,39,15,45,95616,1,0.7,1,0,0,0,0,1,0
45,46,20,104,94065,1,5.7,1,0,0,0,0,1,1
46,57,31,52,94720,4,2.5,1,0,0,0,0,0,1
50,40,16,49,92373,1,1.8,1,0,0,0,0,0,1
52,61,37,131,94720,1,2.9,1,0,0,0,0,1,0
53,30,6,72,94005,1,0.1,1,207,0,0,0,0,0
56,41,17,139,94022,2,8.0,1,0,0,0,0,1,0
59,28,2,93,94065,2,0.2,1,0,0,0,0,0,0
60,31,5,188,91320,2,4.5,1,455,0,0,0,0,0
62,47,21,125,93407,1,5.7,1,112,0,1,0,0,0
63,42,18,22,90089,1,1.0,1,0,0,0,0,0,0
65,47,23,105,90024,2,3.3,1,0,0,0,0,0,0
66,59,35,131,91360,1,3.8,1,0,0,0,0,1,1
67,62,36,105,95670,2,2.8,1,336,0,0,0,0,0
69,47,21,60,93407,3,2.1,1,0,0,0,0,1,1
70,53,29,20,90045,4,0.2,1,0,0,0,0,1,0
71,42,18,115,91335,1,3.5,1,0,0,0,0,0,1
73,44,20,130,92007,1,5.0,1,0,0,0,0,0,1
75,28,3,135,94611,2,3.3,1,0,0,0,0,0,1
80,50,26,19,94720,2,0.4,1,118,0,0,0,1,0
81,60,36,41,95134,4,1.3,1,174,0,0,0,1,1
82,47,22,40,94612,3,2.7,2,0,0,0,0,1,0
88,48,22,78,94305,3,1.1,1,0,0,0,0,1,0
89,65,41,51,94117,2,1.1,1,0,0,0,0,1,0
95,65,39,121,92612,1,2.0,1,0,0,0,0,0,0
97,41,15,80,95014,1,5.2,1,0,0,0,0,0,0
98,54,28,161,92121,1,2.9,1,0,0,0,0,1,0
99,49,23,94,92374,1,0.3,1,0,0,0,0,1,0
101,48,23,74,94080,1,1.2,1,0,0,0,0,1,0
105,56,32,38,93311,4,1.3,1,166,0,0,0,1,1
107,43,17,69,92717,4,2.9,1,0,0,0,0,1,1
108,42,18,43,92037,1,0.7,1,136,0,0,0,0,0
110,43,17,49,94542,1,2.8,1,0,0,0,0,1,0
113,40,15,82,91775,3,1.0,1,309,0,0,0,0,0
114,58,34,92,92703,2,2.8,1,103,0,0,0,0,0
119,41,16,73,92647,3,3.0,1,0,0,0,0,1,0
120,32,7,112,94304,1,4.6,1,366,0,0,0,0,0
125,39,15,78,92121,4,2.4,1,118,0,0,0,1,0
126,60,35,80,91301,3,0.5,1,0,0,0,0,1,0
127,31,5,115,92096,2,1.3,1,101,0,0,0,1,1
129,38,14,74,92182,2,0.0,1,0,0,1,0,1,0
131,28,4,81,94801,3,1.5,1,276,0,0,0,1,0
136,58,33,45,93010,4,2.1,1,0,0,0,0,1,1
138,49,25,128,95054,2,0.4,1,0,0,0,0,0,0
139,59,34,42,94928,3,1.5,1,0,0,1,1,0,1
142,35,11,58,95831,3,2.0,1,149,0,0,0,1,1
144,25,1,54,94117,4,1.6,1,0,0,0,0,1,1
146,59,35,124,90007,1,7.4,1,0,0,0,0,0,1
149,52,28,163,91423,2,0.4,1,116,0,0,0,1,0
151,46,22,118,94107,2,7.5,1,0,0,0,1,1,1
153,57,32,24,93117,1,1.3,1,0,0,0,0,1,1
154,60,36,22,94551,2,1.0,1,0,0,1,1,1,1
156,24,0,60,94596,4,1.6,1,0,0,0,0,1,0
157,26,0,15,92131,4,0.4,1,0,0,0,0,0,1
158,41,17,83,94025,4,2.67,1,0,0,0,0,1,1
162,61,35,80,95053,2,2.8,1,0,0,0,0,1,0
163,38,12,52,90036,1,2.0,1,0,0,0,0,0,0
164,28,4,70,91125,4,2.6,1,0,0,0,0,1,0
165,53,27,92,95120,2,1.1,1,0,0,1,0,0,0
166,27,1,43,94706,1,1.5,1,0,0,0,0,1,0
167,25,1,21,95827,3,1.0,2,0,0,0,0,0,0
168,33,9,23,94305,3,0.9,3,0,0,0,0,1,1
169,50,26,13,91320,4,1.0,1,0,0,0,0,1,0
171,27,1,138,90250,2,2.0,1,0,0,0,0,1,0
172,52,28,11,95817,3,0.4,1,0,0,1,0,0,0
173,38,13,171,92717,2,7.8,1,0,0,0,0,1,0
174,58,34,42,90095,4,1.5,1,0,0,0,0,1,1
179,53,29,24,95818,4,0.2,1,0,0,0,0,1,1
180,62,37,11,91942,1,0.1,1,0,0,0,0,1,0
183,24,0,135,95133,1,1.5,1,0,0,0,0,1,0
184,29,3,148,92173,3,4.1,1,0,1,0,0,1,0
187,48,23,45,95616,1,0.3,1,0,0,0,0,1,1
189,64,40,169,91320,2,2.1,1,122,0,0,0,1,0
190,55,29,112,94043,2,1.4,1,0,0,0,0,1,0
191,60,36,93,92521,1,4.3,1,0,0,0,0,1,0
194,48,24,21,93118,4,0.6,1,0,0,0,0,1,1
195,53,29,144,92697,2,6.8,1,0,0,0,0,1,0
196,34,10,13,94577,4,1.0,1,95,0,1,0,1,0
197,48,24,165,93407,1,5.0,1,0,0,0,0,0,1
198,55,31,9,91345,4,0.7,1,89,0,0,0,1,0
199,27,3,59,94123,4,0.0,1,90,0,1,0,1,0
204,58,34,65,95747,4,2.2,1,0,0,0,0,1,0
207,49,25,31,91355,1,1.0,1,0,0,1,0,1,0
209,40,16,73,94110,4,2.67,1,0,0,0,0,1,1
210,64,39,172,94707,4,3.1,1,282,1,0,1,1,1
211,51,26,20,92131,2,0.0,1,0,0,0,0,0,0
212,44,18,55,94720,1,0.2,1,0,0,0,0,0,0
213,46,22,69,91604,2,1.7,1,209,0,0,0,0,0
214,57,33,155,91326,1,7.4,1,0,0,0,0,1,0
216,38,14,92,95818,2,0.0,1,249,0,0,0,1,1
217,27,3,125,95521,2,0.6,1,0,0,0,0,0,0
218,39,14,74,94305,3,3.0,1,0,0,0,0,0,0
221,32,6,25,92130,2,0.3,1,0,0,0,0,0,1
223,26,2,104,94306,3,2.5,1,0,0,0,0,0,0
228,47,23,148,94551,2,7.5,1,0,0,0,1,1,1
230,48,24,71,93117,2,1.7,1,145,0,0,0,0,1
234,62,37,58,91320,4,1.7,1,0,0,0,0,1,0
239,57,32,28,95831,3,0.2,1,0,0,0,0,1,1
241,51,26,70,90089,1,1.2,1,169,0,0,0,0,0
245,41,17,78,94025,4,0.8,1,78,0,0,0,1,0
249,55,29,99,92121,2,1.4,1,264,0,0,0,1,1
252,54,28,170,92182,2,6.2,2,325,1,0,0,1,0
253,65,40,53,91711,3,2.2,1,0,0,0,0,0,1
254,47,21,138,94583,1,0.0,1,0,0,0,0,0,0
258,66,41,18,92691,3,0.5,1,0,0,0,0,0,1
259,35,9,24,95747,4,0.3,1,0,0,0,0,1,0
260,56,30,55,94107,1,1.4,1,77,0,0,0,1,0
261,51,27,58,92407,1,0.0,1,0,0,0,0,0,1
265,45,19,38,90840,2,0.7,1,0,0,0,0,0,0
267,63,38,61,94720,2,1.5,1,0,0,0,0,1,0
268,47,22,81,90504,1,2.9,1,138,0,0,0,0,0
269,64,39,129,94002,1,2.5,1,0,0,0,0,1,0
271,60,36,63,94063,4,2.2,1,0,0,0,0,1,0
273,29,3,45,95023,4,0.2,1,158,0,0,0,1,1
275,30,5,74,95616,4,2.2,1,0,0,1,0,0,1
279,50,26,21,91125,4,1.0,1,0,0,0,0,1,0
280,39,14,155,94577,2,3.9,1,0,0,0,0,1,0
291,51,25,80,92373,1,4.9,1,0,0,0,0,0,0
292,43,16,8,90089,3,0.67,2,88,0,0,0,1,0
293,30,5,38,94542,4,0.8,1,129,0,0,0,1,1
295,35,9,55,94536,1,2.0,1,0,0,0,0,1,0
297,34,9,122,90623,1,0.0,1,0,0,0,0,1,0
299,43,19,81,92069,2,3.2,1,0,0,0,0,0,0
301,34,9,70,92843,4,1.3,1,0,0,1,0,0,0
302,65,39,150,92120,2,6.9,1,196,0,0,0,0,0
303,45,21,152,94550,2,7.5,1,0,0,0,0,1,0
304,49,25,195,95605,4,3.0,1,617,1,0,0,0,0
305,48,23,22,90740,1,0.1,1,0,0,0,0,0,0
306,60,35,22,91207,1,1.3,1,123,0,0,0,1,0
307,55,29,79,92373,3,0.8,1,0,0,0,0,1,1
309,32,8,128,94720,2,4.33,1,0,0,0,1,1,1
310,62,38,91,95929,1,3.8,1,0,0,1,0,1,0
311,57,32,39,90277,4,0.9,1,0,0,0,0,1,1
312,52,26,121,94550,1,7.3,1,167,0,0,0,1,0
314,34,9,41,93720,3,2.3,1,0,0,0,0,0,1
323,63,39,101,92007,1,3.9,1,0,1,1,1,1,0
324,59,34,99,90034,1,4.4,1,0,1,0,0,0,0
325,56,30,158,90089,4,6.1,1,0,1,0,0,0,0
326,54,28,89,95039,1,1.9,2,0,0,0,0,1,1
328,58,32,114,91330,2,2.0,1,402,0,0,0,1,0
330,28,4,191,90064,1,6.33,1,0,0,0,0,1,0
332,32,6,28,94115,3,1.0,1,0,0,0,0,0,0
334,63,38,140,92407,1,2.5,1,0,0,0,0,0,0
336,56,32,122,95827,2,0.3,1,360,0,0,1,1,1
337,36,12,65,95051,3,2.6,2,0,0,0,0,1,0
339,29,3,153,93657,2,2.0,1,392,0,0,0,0,0
341,59,34,91,93524,1,2.6,1,0,0,0,0,1,1
343,43,19,118,91304,2,3.3,1,0,0,0,0,0,1
346,51,27,12,92192,4,0.5,2,78,0,1,0,1,0
349,40,15,173,95060,4,6.6,1,0,1,0,1,1,1
350,26,2,60,93407,2,3.0,1,132,1,0,0,0,0
355,44,20,173,90277,2,1.4,1,419,0,0,0,1,0
359,30,6,141,94539,2,4.33,1,0,0,0,0,1,0
361,35,10,55,94539,4,1.3,1,0,0,0,0,0,0
362,43,19,153,90254,2,7.5,1,0,0,0,0,1,0
363,58,32,113,94590,2,1.4,1,270,0,0,0,0,1
370,31,6,58,95051,2,2.5,1,0,0,0,0,0,1
371,36,12,25,92101,4,1.0,1,147,0,0,0,0,0
372,58,34,19,92029,4,0.7,1,0,0,0,0,0,0
374,49,25,20,90291,4,1.0,1,111,0,0,0,1,1
375,30,5,98,91941,2,3.1,1,220,0,0,0,1,0
376,33,7,90,92346,3,1.6,1,0,0,0,0,1,0
377,45,21,61,94304,3,0.7,1,0,0,0,0,0,0
378,30,5,40,94402,4,2.0,2,0,0,0,0,1,0
383,65,41,133,94904,4,2.0,1,0,1,0,0,0,1
384,44,18,53,94608,1,0.2,1,0,0,0,0,1,0
386,35,9,40,93943,3,0.9,1,0,0,0,0,1,0
390,45,20,155,90024,1,7.0,1,0,0,0,0,1,1
391,45,19,45,92521,1,0.2,1,0,0,0,0,1,0
395,33,9,80,91311,4,3.4,1,0,0,0,0,1,1
396,60,35,64,94509,2,2.8,1,0,0,0,0,0,0
397,50,24,29,93023,4,0.1,1,0,0,0,0,0,0
399,54,30,23,94608,2,0.4,1,0,0,0,0,0,0
400,28,3,84,90024,4,0.2,1,0,0,0,0,1,1
401,36,10,179,94542,3,6.6,1,0,1,0,0,1,0
402,29,2,30,95747,4,1.5,2,112,0,0,0,0,1
403,54,28,93,91604,1,4.9,1,133,0,0,1,1,1
406,36,11,133,90245,1,3.8,1,290,0,1,1,1,1
407,45,19,125,92354,1,2.4,1,0,0,0,0,0,0
409,60,36,89,91745,2,2.8,1,0,0,0,0,1,0
411,47,23,110,94111,2,3.3,1,0,0,0,0,1,1
414,32,7,42,92407,3,2.3,1,0,0,0,0,1,0
417,40,15,85,94304,2,0.4,1,0,0,0,0,1,0
420,58,33,50,94501,4,2.1,1,0,0,0,0,0,1
423,46,20,145,91380,2,6.3,1,0,0,1,1,1,0
424,43,19,161,95616,2,7.5,1,0,0,0,0,0,0
425,56,30,38,92029,1,0.2,1,0,0,0,0,0,0
426,28,3,28,90505,4,0.8,1,0,0,0,0,1,0
427,42,18,75,92182,3,2.33,1,0,0,0,0,0,1
428,32,7,35,92521,3,1.3,1,116,0,0,0,0,1
429,62,38,24,94720,2,1.0,1,116,0,0,0,0,1
432,39,13,75,94305,3,2.1,1,224,0,0,0,1,0
433,43,17,91,91311,1,5.7,1,0,0,0,0,1,0
434,52,28,31,91330,4,0.2,1,141,0,0,0,1,1
436,52,26,80,94709,3,0.8,1,0,0,0,0,0,0
438,36,9,31,95825,4,1.0,2,0,0,1,0,1,0
440,47,23,29,94304,4,0.6,1,0,0,0,0,1,0
441,64,39,59,92626,2,1.5,1,139,0,0,0,1,0
444,48,24,29,90509,1,1.0,1,0,0,0,0,0,0
447,47,23,22,93108,1,1.0,1,0,0,0,0,0,1
449,31,4,60,94588,4,2.0,2,0,0,0,0,1,1
451,51,25,69,95747,1,0.3,1,0,0,0,0,1,1
459,48,24,20,95841,1,1.0,1,0,0,0,0,1,1
460,35,10,200,91107,2,3.0,1,458,0,0,0,0,0
461,60,36,141,90277,2,2.1,1,0,0,0,0,1,1
462,55,30,81,92123,2,3.7,1,0,0,1,0,0,0
468,45,20,39,90232,1,2.4,1,0,0,0,0,0,1
471,32,6,84,91006,4,1.8,2,0,0,0,0,0,0
472,50,24,30,91768,4,0.1,1,161,0,0,0,1,1
473,43,19,31,90007,4,0.3,1,156,0,0,0,1,0
475,60,34,114,90028,2,6.9,1,0,0,0,0,1,0
479,44,20,150,95060,2,3.3,1,0,0,0,0,0,1
480,60,36,132,92154,2,6.0,1,470,0,0,0,1,1
482,33,9,53,94063,1,1.2,1,0,0,0,0,0,1
485,25,1,113,95023,2,0.2,1,0,0,0,0,1,1
487,55,30,84,92173,2,3.7,1,304,0,1,0,1,0
489,37,13,43,94122,3,2.8,1,0,0,0,0,1,0
491,34,10,90,94303,2,2.7,1,0,0,0,0,1,0
492,42,18,34,92115,4,0.3,1,104,0,1,0,1,0
493,60,36,38,94596,4,1.3,1,0,0,0,0,1,0
494,50,24,173,94720,1,1.0,1,0,0,0,0,1,1
495,41,17,160,92647,2,8.0,1,0,0,0,0,1,0
501,59,33,34,92177,2,0.3,1,0,0,0,0,0,0
510,52,28,118,90503,2,6.8,1,112,0,0,0,1,0
512,31,5,82,94143,4,2.2,2,0,0,0,0,0,0
513,39,14,54,95035,3,3.0,1,108,0,0,0,0,1
518,54,27,43,92834,3,1.0,2,169,0,0,0,0,0
521,61,37,54,90024,4,1.2,2,129,0,0,0,1,1
523,36,11,72,91007,1,2.8,1,224,0,0,0,0,0
524,56,31,39,93023,4,0.9,1,0,0,0,0,0,0
525,24,-1,75,93014,4,0.2,1,0,0,0,0,1,0
526,64,38,79,94024,2,2.8,1,179,0,0,0,0,0
527,26,2,205,93106,1,6.33,1,271,0,0,0,0,1
528,33,8,65,90027,2,0.1,1,89,0,0,0,1,0
529,64,39,122,90089,4,0.2,1,378,1,0,0,1,0
531,54,30,21,91706,2,0.2,1,0,0,0,0,0,1
533,62,37,39,94305,2,2.8,1,113,0,0,1,1,1
534,27,2,101,92807,1,1.9,1,0,0,0,0,0,0
536,51,25,132,94143,1,0.3,1,0,0,0,0,1,0
539,31,5,11,94534,1,0.4,2,76,0,0,0,0,1
542,30,6,141,95014,2,4.33,1,0,0,0,0,0,0
543,40,14,81,94709,3,0.1,1,0,0,0,0,1,0
544,63,38,54,94704,3,2.4,1,90,0,0,0,0,1
545,35,10,164,91614,2,7.8,1,0,0,0,0,1,0
546,43,19,28,94303,4,0.3,1,87,0,0,0,0,0
551,60,34,54,94301,3,0.3,2,0,0,0,0,1,1
552,59,34,14,93118,1,0.1,1,0,0,0,0,1,1
553,28,3,52,90024,4,2.2,1,230,0,0,0,1,0
554,52,28,101,91330,2,0.3,1,0,0,0,0,0,0
555,28,2,149,94720,2,7.2,1,0,0,0,0,1,0
556,34,8,35,92037,4,0.8,1,137,0,0,1,1,1
558,39,15,118,95039,2,1.9,1,0,0,0,0,0,1
560,49,25,24,95818,4,0.2,1,138,0,0,0,1,0
564,51,27,12,94608,4,1.0,1,0,0,0,0,1,0
566,55,29,79,90210,3,0.8,1,0,0,0,0,1,0
568,34,8,28,95112,3,0.9,1,0,0,0,0,0,0
569,34,9,41,92101,2,0.1,1,161,0,0,0,1,1
570,40,14,70,95136,3,2.1,1,185,0,0,0,0,0
573,39,15,128,92333,1,3.4,1,0,0,0,0,0,0
576,54,30,93,91107,1,2.7,2,0,0,0,0,1,0
578,52,28,149,94043,2,6.8,1,0,0,0,0,1,0
580,57,33,88,93524,1,2.7,2,0,0,0,0,1,0
582,28,3,55,94521,4,2.2,1,0,0,0,0,1,1
585,40,16,114,91604,1,3.4,1,300,0,0,0,1,0
587,39,14,101,94305,2,0.4,1,0,0,0,0,1,1
588,50,24,94,93305,1,4.9,1,272,0,0,0,1,0
589,41,17,40,93117,2,2.5,1,0,0,0,1,1,1
590,31,7,128,92821,1,6.0,1,0,0,0,0,0,0
592,30,5,51,92037,1,1.0,1,0,0,0,0,1,0
595,50,26,85,94143,1,0.0,1,144,0,0,0,0,0
596,42,18,41,92121,1,1.8,1,94,0,0,0,1,0
598,24,-2,125,92835,2,7.2,1,0,0,1,0,0,1
600,28,4,103,94720,2,2.5,1,0,0,0,0,1,1
601,56,30,141,94143,2,0.5,1,0,0,0,0,1,0
602,58,32,38,91320,1,1.4,1,0,0,0,0,1,1
603,29,5,135,95035,2,0.6,1,0,0,0,0,0,0
605,28,3,70,90245,4,2.2,1,240,0,0,0,0,1
606,57,31,41,91330,1,0.2,1,0,0,0,0,1,1
609,27,2,55,91910,4,1.7,2,0,0,0,0,1,0
610,37,11,24,91770,4,1.5,3,0,0,0,0,0,0
612,49,23,32,94701,4,1.8,1,83,0,0,0,0,0
613,65,40,129,90095,1,1.3,1,0,0,0,0,1,1
614,60,35,108,94904,1,0.9,1,0,0,1,0,0,0
615,37,12,180,90034,1,8.6,1,0,0,0,0,1,1
616,63,37,139,93943,2,6.9,1,0,0,0,0,0,0
621,33,8,115,91129,4,2.9,2,0,1,0,0,1,0
623,41,17,92,93555,2,1.9,1,131,0,0,0,1,0
625,33,6,54,92821,2,1.67,2,122,0,0,0,1,0
628,45,19,70,92677,3,2.1,1,0,0,0,0,1,0
629,49,24,51,90071,1,1.3,2,0,0,0,0,0,0
630,45,19,71,91711,4,2.9,1,218,0,0,1,1,1
631,32,7,35,96651,3,1.3,1,108,0,0,0,0,1
635,57,31,32,90034,3,1.4,1,0,0,1,1,1,1
636,60,35,35,90509,3,0.2,1,169,0,0,0,1,0
637,40,16,120,92037,2,6.1,1,196,0,0,0,1,0
639,42,16,35,92054,3,1.5,1,0,0,0,0,0,0
642,35,10,139,95060,2,7.8,1,0,0,0,0,0,0
643,50,24,103,94132,1,0.3,1,0,0,0,0,1,0
644,45,21,152,91902,2,1.4,1,0,0,0,0,1,0
647,58,33,61,90033,4,1.7,1,0,0,0,0,0,0
648,62,38,64,95064,4,2.2,1,123,0,1,1,1,1
652,28,4,58,92121,3,1.5,1,131,0,0,0,0,0
653,34,9,92,90005,1,2.8,1,0,0,0,0,1,0
661,39,14,165,92126,2,3.3,1,0,0,0,0,1,0
662,63,38,52,94720,2,2.8,1,0,0,0,0,1,0
667,52,26,112,92120,1,2.4,1,0,0,1,1,1,1
669,66,41,18,94010,3,0.5,1,0,0,0,0,0,0
671,23,-1,61,92374,4,2.6,1,239,0,0,0,1,0
673,51,27,23,96651,1,0.2,1,0,0,0,0,1,0
675,49,23,59,95827,3,2.1,1,0,0,0,0,0,0
678,46,21,204,92780,2,2.8,1,0,0,0,0,1,0
681,61,36,51,94706,3,1.5,1,0,0,0,0,0,1
685,43,17,164,90266,1,2.4,1,449,0,0,0,1,0
689,44,20,71,94304,4,1.9,1,207,0,0,0,1,0
690,54,30,18,94591,1,0.3,1,0,0,1,1,1,0
695,32,7,112,90740,1,3.8,1,81,0,0,0,1,0
696,29,4,115,92717,1,1.9,1,0,0,0,0,0,0
701,37,11,84,90089,2,1.8,1,0,0,0,0,1,1
703,35,9,109,92709,3,4.0,1,0,1,0,0,0,0
704,41,17,141,94022,2,7.6,1,92,0,0,0,0,0
705,56,32,129,94065,1,7.4,1,0,0,0,0,0,0
707,58,34,148,95819,1,4.7,1,0,0,0,0,1,0
709,35,10,21,92182,3,1.3,1,115,0,0,0,0,0
710,29,4,72,95841,4,2.2,1,0,0,0,0,1,0
716,47,23,32,92130,1,1.0,1,0,0,1,1,1,1
718,59,34,94,93940,3,0.5,1,0,0,0,0,0,1
720,61,35,110,92521,3,4.4,1,0,0,1,0,1,0
724,50,24,61,94301,4,2.6,1,0,0,0,0,1,0
725,64,38,92,94086,1,2.0,1,0,0,0,0,1,0
726,39,15,119,92037,2,6.1,1,0,0,0,0,0,0
727,58,33,53,91030,4,2.1,1,0,0,0,0,1,0
729,45,20,114,94720,2,4.4,2,0,1,0,0,0,0
731,43,18,140,95616,1,7.0,1,205,0,0,0,1,0
732,28,3,90,90066,2,3.3,1,0,0,0,0,1,1
733,26,1,85,90064,1,1.9,1,0,0,0,0,1,0
734,49,24,80,92009,1,1.2,1,0,0,0,0,1,0
735,66,42,53,92182,2,1.1,1,0,0,0,0,1,1
736,33,7,49,95403,4,2.2,2,0,0,0,0,1,0
741,52,27,195,90266,1,8.1,1,0,0,0,0,0,0
743,32,6,81,92626,1,2.5,1,0,0,0,0,1,0
744,61,37,40,94539,4,2.2,1,0,0,1,1,1,1
745,45,20,154,94720,2,2.8,1,0,0,1,0,1,0
749,41,17,14,91330,1,1.0,1,0,0,0,0,0,0
751,29,5,138,93106,2,4.33,1,0,0,0,0,1,0
755,38,14,102,95020,2,1.9,1,0,0,0,1,1,1
762,48,24,84,92152,3,0.7,1,166,0,0,0,1,0
764,54,28,65,94122,1,0.2,1,0,0,0,0,0,1
766,47,21,109,95822,4,1.8,1,0,1,0,0,0,0
767,37,12,81,94538,1,2.8,1,0,0,0,0,0,0
769,43,19,72,90024,2,1.7,1,0,0,0,0,1,0
772,42,18,71,91614,3,2.33,1,106,0,1,0,1,0
774,41,16,120,92612,2,3.9,1,0,0,0,0,1,1
775,55,29,39,92154,1,0.2,1,0,0,0,0,0,1
778,55,31,12,95060,2,0.2,1,76,0,0,0,1,1
781,32,7,42,92634,4,0.8,1,0,0,0,0,1,1
784,44,20,160,94606,2,7.6,1,0,0,1,0,0,0
785,48,22,98,94115,2,6.3,1,0,0,0,0,0,0
786,46,22,164,94122,2,7.6,1,0,0,0,1,1,1
787,45,21,42,94305,2,2.5,1,0,0,1,0,1,0
789,58,34,10,92521,4,0.7,1,0,0,0,0,0,0
791,55,30,58,92028,4,0.9,1,0,0,0,0,1,1
794,24,-2,150,94720,2,2.0,1,0,0,0,0,1,0
797,30,6,82,93657,2,2.5,1,0,0,0,0,0,0
801,31,7,173,91040,1,6.0,1,0,0,0,0,1,0
802,47,23,8,92612,4,0.2,1,0,0,0,0,1,0
803,36,12,51,92521,3,2.0,1,214,0,0,0,1,0
808,52,27,162,92096,1,8.1,1,0,0,0,0,1,0
809,64,39,64,92068,3,2.2,1,0,0,0,0,1,0
815,33,8,45,93943,2,0.1,1,0,0,0,0,0,1
818,41,15,38,90291,2,0.7,1,91,0,0,0,1,0
821,51,25,145,90740,1,0.3,1,0,0,0,0,1,0
824,35,9,45,90509,1,2.0,1,0,0,0,0,1,1
825,39,15,72,94801,4,2.4,1,0,0,1,0,1,0
829,35,9,28,94542,4,1.0,1,75,0,0,0,1,0
835,36,12,150,95138,4,5.4,1,0,1,1,1,1,0
836,58,33,142,92691,2,3.9,1,193,0,0,0,1,1
837,42,17,74,92123,3,3.0,1,0,0,0,0,0,1
840,39,15,79,92646,4,2.4,1,0,0,0,0,0,0
841,27,3,94,92373,2,0.2,1,310,0,0,0,0,1
842,57,33,121,94542,1,4.3,1,0,0,1,0,0,0
843,34,10,54,92101,3,2.0,1,0,0,0,0,0,0
844,64,39,73,94720,3,2.4,1,0,0,0,0,1,0
846,44,17,29,94706,3,1.0,2,0,0,0,0,1,1
847,51,27,93,92154,1,2.7,1,0,0,0,0,1,0
850,33,8,58,94305,2,0.1,1,0,0,1,1,1,1
851,46,20,39,95054,1,0.2,1,0,0,0,0,0,0
854,27,2,155,95138,1,0.8,1,0,0,0,0,0,0
856,59,33,113,92152,2,2.0,1,77,0,0,0,1,0
858,49,25,30,95616,4,0.2,1,0,0,0,1,1,1
867,44,20,70,94611,4,1.9,1,0,0,0,0,1,0
868,61,35,61,94708,1,1.6,1,0,0,0,0,0,0
869,40,15,161,94596,2,3.3,1,0,0,1,0,0,1
870,54,30,29,93014,2,0.8,1,0,0,0,0,0,1
871,43,19,35,92106,3,0.5,1,0,0,0,0,1,0
873,32,7,44,90095,4,0.8,1,0,0,0,0,1,0
874,24,0,88,90740,3,0.8,1,134,0,0,0,0,0
877,40,14,58,94025,2,2.8,1,0,0,0,0,1,0
881,57,31,58,91604,1,0.2,1,177,0,0,0,1,0
882,44,19,154,92116,2,8.8,1,0,0,0,0,1,0
883,51,25,185,94117,1,1.7,1,0,0,0,0,0,0
884,51,26,78,92703,1,1.2,1,305,0,0,0,1,0
888,41,16,118,94720,2,3.3,1,0,0,0,0,1,0
892,32,6,120,94102,4,5.4,1,301,1,0,1,1,1
894,58,32,43,93943,3,1.4,1,0,0,0,0,0,1
895,29,4,59,95064,4,2.2,1,232,0,0,0,1,1
897,50,24,161,95133,3,3.4,1,212,1,0,0,1,0
899,57,32,63,94111,4,0.7,1,0,0,0,0,1,0
901,30,4,51,94709,4,0.2,1,172,0,0,0,0,1
902,57,33,24,95616,4,0.7,1,0,0,0,0,1,0
903,57,33,95,95054,2,1.6,1,0,0,0,0,0,0
904,43,18,59,90048,1,2.4,1,250,0,0,0,1,0
906,46,22,28,94720,1,1.0,1,84,0,0,0,1,1
907,29,3,154,94720,2,2.0,1,130,0,0,0,0,0
910,23,-1,149,91709,1,6.33,1,305,0,0,0,0,1
915,65,41,195,91711,3,0.4,1,0,1,1,1,0,1
916,53,28,184,94550,1,8.1,1,303,0,0,0,1,0
917,44,20,85,92192,2,3.2,1,0,0,0,0,1,0
918,45,20,200,90405,2,8.8,1,0,0,0,0,1,1
922,31,5,91,92096,3,1.6,1,126,0,0,0,1,1
923,32,6,38,92868,1,0.3,1,0,0,1,1,1,0
924,55,30,28,95123,1,1.5,2,0,0,0,0,0,0
929,35,10,74,90638,4,1.3,1,0,0,0,0,1,0
936,46,20,131,95929,1,5.7,1,256,0,0,0,0,1
940,56,32,8,93943,2,0.3,1,0,0,0,0,1,1
942,38,13,129,92093,4,4.4,1,140,1,0,0,0,0
950,40,16,45,94720,3,0.6,2,204,0,0,0,1,0
953,44,20,180,93943,2,7.6,1,524,0,0,0,0,1
956,59,35,14,90840,4,0.7,1,0,0,0,0,1,0
957,37,11,43,90250,1,2.0,1,0,0,0,0,1,0
958,56,32,88,94309,2,0.3,1,0,0,0,0,1,0
961,46,22,144,93611,2,3.3,1,0,0,0,0,1,1
962,35,9,30,94114,4,1.0,1,163,0,0,0,1,0
963,47,21,120,95833,1,0.0,1,135,0,0,0,0,0
968,55,30,73,92675,4,3.8,2,0,0,0,0,1,0
969,55,31,90,92868,1,2.7,2,0,0,0,0,1,1
971,57,32,75,94928,2,3.7,1,236,0,0,0,1,0
973,40,16,50,92093,2,1.7,1,174,0,0,0,0,0
975,63,38,54,90401,3,2.2,1,0,0,0,0,1,0
976,63,38,83,92122,2,3.4,1,0,1,0,0,0,0
977,54,30,24,94109,4,0.2,1,0,0,1,0,0,0
984,46,22,142,92220,2,3.3,1,0,0,0,0,0,0
986,46,22,118,92120,1,4.7,1,159,0,0,0,0,1
987,53,27,101,90245,4,4.9,1,0,0,0,0,1,0
988,62,36,84,94609,2,2.8,1,0,0,0,0,1,0
991,34,10,81,94002,4,3.4,1,0,0,0,0,1,0
993,34,9,93,94608,1,0.0,1,0,0,0,0,1,0
998,46,20,69,92780,3,2.1,1,0,0,0,0,0,0
999,52,27,94,93106,1,2.8,2,333,0,0,0,1,0
1001,59,35,8,92691,4,0.7,1,91,0,1,0,0,0
1002,57,32,55,90717,4,2.1,1,108,0,0,0,1,0
1004,25,1,62,94720,4,0.0,1,229,0,0,0,1,0
1006,38,12,138,95112,2,0.0,1,0,0,1,0,1,0
1007,63,38,103,91103,1,2.5,1,0,0,0,0,1,0
1009,50,24,152,92220,1,7.3,1,0,0,0,0,1,0
1011,27,3,98,95616,2,2.5,1,361,0,1,1,1,1
1014,39,13,58,94551,3,2.1,1,169,0,0,0,1,0
1024,45,20,109,94117,1,7.0,1,366,0,0,0,1,0
1026,62,37,50,94545,3,1.5,1,169,0,0,0,1,0
1028,32,7,108,94550,1,4.6,1,0,0,1,0,0,0
1034,60,34,29,95973,2,0.3,1,0,0,0,0,1,0
1035,49,23,84,90095,3,2.1,1,134,0,1,0,1,0
1037,53,28,55,94720,4,0.9,1,119,0,0,0,1,1
1042,56,32,51,92780,4,1.5,1,0,0,0,0,0,0
1044,51,27,21,95630,3,0.4,1,0,0,0,0,1,0
1049,62,37,90,95747,3,0.5,1,0,0,0,0,1,0
1052,33,7,54,92886,4,0.2,1,141,0,1,0,0,0
1056,31,6,62,95630,1,1.0,1,0,0,1,0,1,0
1061,59,34,23,93111,1,0.1,1,0,0,0,0,0,1
1063,47,21,83,92220,1,3.8,1,97,1,0,0,0,0
1064,56,30,39,90024,3,1.4,1,131,0,0,0,0,1
1066,25,1,113,90401,3,2.5,1,0,0,0,0,0,1
1068,50,24,195,95035,1,1.7,1,0,0,0,0,0,0
1070,44,18,75,91203,2,3.5,1,0,1,0,0,1,0
1074,33,8,122,94583,1,0.0,1,0,0,0,0,1,1
1075,39,14,75,95762,3,3.0,1,0,0,0,0,0,1
1079,51,27,39,92709,2,0.8,1,182,0,0,0,0,1
1080,54,30,145,94591,2,6.8,1,0,0,1,0,0,0
1086,51,26,11,92612,2,0.0,1,0,0,1,0,0,0
1089,59,35,95,95521,1,3.8,1,0,0,0,0,1,1
1093,25,1,70,92120,4,2.6,1,0,0,1,0,1,0
1095,50,24,44,94086,4,1.8,1,0,0,0,0,1,1
1098,50,24,188,92007,3,1.3,1,184,1,0,0,0,1
1099,46,20,114,90720,1,0.0,1,0,0,0,0,1,1
1101,42,16,13,91711,1,0.2,1,0,0,0,0,1,0
1104,38,14,49,90037,1,1.8,1,0,0,0,0,0,0
1105,51,25,181,93106,1,1.7,1,0,0,0,0,1,1
1107,37,13,70,92101,2,2.7,1,0,0,0,0,0,0
1108,47,21,79,94110,3,1.1,1,185,0,0,0,1,1
1110,65,41,121,92126,2,2.1,1,0,0,0,0,1,0
1111,58,33,34,92028,3,0.2,1,83,0,0,0,1,0
1112,54,28,183,90071,1,1.0,1,442,0,0,0,0,0
1115,32,8,39,95827,1,1.7,1,0,0,0,0,1,1
1117,43,18,122,92056,1,7.0,1,0,0,0,0,1,1
1118,42,18,145,94709,1,1.7,1,132,0,0,0,1,1
1119,42,17,98,95670,2,0.4,1,0,0,0,0,1,1
1123,32,7,38,90041,1,1.0,1,0,0,0,0,1,0
1125,38,12,29,94022,4,0.2,1,0,0,0,0,0,1
1126,37,13,172,95003,2,6.5,1,0,0,0,0,0,0
1127,32,8,104,95192,2,3.7,1,0,1,0,0,0,1
1128,35,9,58,91101,1,2.5,1,0,0,0,0,1,1
1129,30,5,171,94025,2,1.9,2,0,1,0,0,0,0
1130,30,4,73,94305,3,3.3,1,0,1,0,1,1,1
1131,58,32,191,94402,1,2.9,1,0,0,0,0,0,0
1133,34,9,55,94920,3,2.3,1,0,0,1,1,1,1
1134,31,4,28,94126,1,2.0,2,0,0,0,0,0,0
1139,30,6,83,93101,4,3.4,1,0,0,1,0,1,0
1141,32,6,13,94611,4,0.3,1,0,0,0,0,1,1
1143,44,20,75,91335,4,1.9,1,0,0,0,0,0,0
1147,31,7,71,90034,1,0.1,1,78,0,1,0,0,0
1148,37,13,111,91367,1,0.8,2,0,0,0,0,0,0
1149,41,15,108,90034,1,5.2,1,0,0,0,0,0,0
1150,56,32,158,91763,1,7.4,1,0,0,0,0,0,0
1151,55,31,81,95521,3,2.67,1,0,0,0,0,1,0
1153,63,37,21,95831,2,0.4,1,0,0,0,0,1,0
1154,55,30,55,92821,4,0.9,1,215,0,0,0,1,1
1156,41,16,81,92653,2,0.4,1,0,0,0,0,0,1
1157,49,25,13,94305,4,0.2,1,87,0,0,0,0,0
1158,48,23,132,94998,1,0.6,1,157,0,0,0,0,0
1160,50,26,23,92028,4,0.2,1,0,0,0,0,0,1
1162,36,11,181,94309,3,1.4,1,0,1,0,0,0,0
1163,38,14,112,94501,2,2.2,1,394,0,0,0,0,0
1164,34,9,138,94720,2,7.8,1,227,0,0,0,1,0
1165,41,17,94,90071,3,3.8,2,327,1,1,1,1,0
1166,43,19,113,91203,1,1.7,1,0,0,0,0,0,0
1168,37,12,190,92354,2,3.0,1,475,0,0,0,1,0
1175,36,10,42,93106,4,1.2,2,0,0,0,0,1,1
1177,29,3,103,90049,4,3.4,1,0,1,0,0,1,0
1181,42,17,90,90504,1,0.1,2,0,0,0,0,0,1
1182,25,0,65,90095,4,0.2,1,0,0,1,0,0,0
1183,28,2,19,94720,4,0.4,1,0,0,0,0,1,1
1185,34,9,71,90041,4,1.3,1,0,0,0,0,1,0
1186,43,19,31,94025,3,0.5,1,0,0,0,0,0,0
1188,61,36,24,94309,1,1.5,2,87,0,1,0,0,0
1190,42,17,115,92717,2,0.4,1,0,0,0,0,1,0
1191,39,15,168,93117,2,8.0,1,152,0,1,0,0,0
1192,29,5,128,94111,1,1.5,1,0,0,0,0,1,1
1193,45,20,138,92870,1,7.0,1,0,0,0,0,0,1
1197,37,13,71,94609,2,2.7,1,94,0,0,0,1,0
1198,48,23,8,92866,1,0.4,3,0,0,0,0,0,1
1199,40,14,42,94801,2,0.7,1,101,0,0,0,1,0
1200,29,4,62,92064,2,2.5,1,184,0,0,0,1,0
1201,36,12,22,92507,4,1.0,1,91,0,1,0,1,0
1204,62,37,50,91311,3,2.4,1,0,0,0,0,1,0
1206,32,7,94,91361,2,3.1,1,0,0,0,0,1,0
1208,38,12,43,94301,4,1.2,2,0,0,0,0,0,1
1210,46,21,52,91304,3,2.7,2,228,0,0,0,0,1
1211,50,24,84,93943,4,4.9,1,0,0,0,0,1,0
1212,61,36,131,92407,1,0.9,1,0,0,0,0,1,0
1213,34,8,44,91101,4,0.2,1,0,0,0,0,0,0
1214,27,2,78,93943,4,0.2,1,87,0,0,0,0,0
1218,44,20,122,94305,1,0.3,1,0,0,0,0,1,0
1219,62,36,98,92122,2,2.8,1,0,0,0,0,0,0
1221,41,17,165,94143,2,8.0,1,0,0,0,0,1,0
1222,30,5,121,94132,2,3.3,1,0,0,0,0,0,1
1224,45,19,11,96150,1,0.2,1,91,0,0,0,0,0
1227,60,36,14,90089,2,0.3,1,109,0,0,0,1,1
1229,56,30,45,92870,1,0.2,1,98,0,0,0,0,0
1230,56,32,80,94596,3,2.67,1,0,0,0,0,1,0
1232,66,41,144,94306,1,2.5,1,0,0,1,1,1,1
1234,53,29,22,93943,2,0.4,1,0,0,0,0,1,0
1235,44,18,33,90405,3,1.5,1,0,0,0,0,1,1
1241,52,27,15,91320,4,0.8,1,101,0,0,0,0,0
1244,34,10,110,92697,1,4.0,1,0,0,0,0,1,0
1245,33,8,130,94720,3,6.3,2,99,1,0,0,0,1
1248,52,28,39,94606,2,0.8,1,0,0,0,0,1,0
1250,51,27,80,90032,1,2.6,2,0,0,0,0,1,1
1251,47,20,81,94301,1,2.67,2,0,0,0,0,1,0
1254,57,33,45,92346,4,1.5,1,204,0,0,0,1,0
1259,34,8,31,91203,1,0.3,1,104,0,0,0,1,1
1264,35,5,85,92870,4,4.0,3,0,0,0,0,1,0
1265,58,33,138,94546,2,3.9,1,0,0,0,0,1,0
1268,50,23,23,94720,2,1.0,2,0,0,1,0,0,0
1269,34,9,62,92677,3,2.3,1,0,0,0,0,0,0
1272,28,4,94,92115,3,0.8,1,236,0,0,0,1,0
1275,62,37,61,93117,4,1.7,1,0,0,0,0,0,0
1276,27,2,92,95616,2,3.1,1,178,0,0,0,1,0
1278,45,20,194,92110,2,8.8,1,428,0,0,0,0,0
1279,36,10,74,94305,1,2.5,1,0,0,0,0,0,1
1282,39,15,52,92093,3,2.33,1,0,0,0,0,1,0
1284,30,6,64,94305,4,3.4,1,117,0,0,0,0,0
1285,65,40,128,90740,1,2.5,1,162,0,0,0,1,0
1289,63,38,129,91326,1,0.9,1,366,0,0,0,1,0
1290,46,21,82,94523,4,0.4,1,0,0,0,0,0,0
1292,58,34,44,94111,4,2.2,1,0,0,1,0,0,0
1294,56,31,81,92373,2,3.7,1,121,0,0,0,1,1
1295,34,10,71,95003,1,0.1,1,257,0,0,0,1,1
1297,30,6,80,92399,3,1.5,1,219,0,0,0,1,0
1298,61,35,90,95814,4,1.9,2,0,0,0,0,1,0
1302,41,17,153,92121,1,1.7,1,337,0,0,0,0,1
1305,51,26,145,90025,1,8.1,1,397,0,0,0,0,1
1308,26,2,195,94546,1,6.33,1,0,0,0,0,1,1
1313,46,21,42,92691,1,2.4,1,0,0,0,0,1,1
1319,52,26,178,94234,1,1.0,1,0,0,0,0,0,0
1320,32,6,35,94005,2,0.3,1,0,0,0,0,0,1
1322,27,3,123,95138,1,5.4,1,0,0,0,0,0,0
1325,52,28,15,95064,1,0.2,1,0,0,0,0,1,0
1326,50,24,79,94304,1,0.3,1,120,0,0,0,1,0
1329,60,36,145,95616,4,6.9,1,380,1,0,0,0,1
1331,34,9,64,92346,2,0.1,1,224,0,0,0,1,1
1332,31,7,84,92692,1,0.1,1,0,0,0,0,1,0
1335,47,22,35,94304,2,1.3,1,0,0,0,0,1,0
1336,50,24,180,94539,1,1.7,1,0,0,0,0,1,1
1337,36,12,42,93555,1,1.33,1,0,0,0,0,1,0
1340,52,25,180,94545,2,9.0,2,297,1,0,0,1,0
1341,35,11,82,94131,4,3.4,1,0,0,0,0,0,0
1342,42,16,55,91355,2,0.7,1,149,0,0,0,0,0
1343,36,12,79,90041,2,2.2,1,0,0,0,0,1,0
1345,49,25,93,93117,1,2.7,1,0,0,1,0,1,0
1347,44,20,50,95670,3,2.33,1,200,0,0,0,0,0
1348,60,34,85,91367,2,2.0,1,0,0,0,0,1,0
1353,51,27,20,90401,4,0.5,2,0,0,0,0,1,0
1355,35,10,179,91942,1,8.6,1,357,0,0,0,0,0
1356,61,37,48,91910,1,0.8,1,158,0,0,0,1,0
1357,42,16,74,90066,1,2.8,1,0,0,0,0,1,0
1358,55,29,53,95134,1,1.4,1,0,0,0,0,0,0
1360,64,40,171,90034,2,2.1,1,433,0,0,0,0,0
1361,54,28,85,92028,4,4.9,1,0,0,0,0,1,0
1363,31,5,85,92130,3,1.6,1,157,0,0,0,1,1
1364,32,8,79,92115,1,0.1,1,0,0,0,0,0,0
1365,44,19,69,92129,4,0.4,1,0,0,0,0,0,0
1367,60,34,33,91107,2,0.3,1,101,0,0,0,1,0
1372,58,32,65,95621,3,2.5,1,222,0,0,0,1,0
1373,39,13,139,95616,3,3.4,1,483,1,0,0,1,0
1378,27,3,109,93023,2,2.5,1,0,0,0,0,1,0
1380,62,37,162,95051,1,1.3,1,0,0,0,0,1,0
1381,60,34,105,92103,2,1.4,1,0,0,0,0,1,0
1383,34,8,82,91775,2,1.8,1,178,0,0,0,1,1
1384,65,41,105,95616,4,1.7,2,230,0,1,0,1,0
1386,57,31,82,95032,2,2.0,1,83,0,0,0,0,1
1387,27,3,72,95616,4,0.0,1,0,0,0,0,1,0
1388,35,10,38,95762,4,1.7,1,0,0,0,0,1,1
1389,52,28,25,90212,4,1.0,1,0,0,0,0,0,0
1392,44,18,84,91330,3,1.1,1,0,0,0,0,0,0
1393,47,23,33,90095,1,1.0,1,0,0,0,0,1,1
1399,42,18,141,93407,1,3.5,1,0,0,0,0,0,0
1400,40,16,69,92009,4,2.4,1,0,0,0,0,1,0
1403,55,29,172,95064,1,5.2,2,0,1,0,0,0,0
1404,32,6,51,93109,4,0.2,1,154,0,1,0,0,1
1410,41,17,63,90745,2,3.2,1,0,0,0,0,0,0
1411,60,35,44,92126,4,2.1,1,0,0,0,0,0,0
1413,59,33,100,95064,2,2.0,1,127,0,0,0,0,0
1414,48,24,12,90058,3,0.4,1,0,0,0,0,0,0
1416,33,8,48,94019,1,1.0,1,212,0,0,0,1,0
1417,40,15,82,93101,2,0.4,1,0,0,0,0,0,0
1418,42,18,52,94061,2,2.5,1,0,0,0,0,0,0
1420,30,4,39,91105,1,1.5,1,0,0,0,0,0,1
1421,30,4,40,91605,1,0.3,1,0,0,0,1,1,1
1425,29,3,92,94539,2,1.3,1,287,0,0,0,1,0
1428,31,5,85,95828,2,1.3,1,119,0,0,0,1,1
1429,25,-1,21,94583,4,0.4,1,90,0,0,0,1,0
1431,32,7,52,92660,2,0.1,1,0,0,0,0,1,0
1432,58,34,128,90058,1,7.4,1,0,0,0,0,0,0
1433,26,2,195,90245,1,6.33,1,0,0,0,0,0,0
1435,65,41,55,93106,2,1.1,1,0,0,0,0,0,0
1436,43,17,55,90266,1,0.2,1,0,0,0,0,1,0
1437,46,21,80,95054,4,0.4,1,0,0,0,0,1,1
1438,28,3,123,92007,1,0.8,1,146,0,0,0,0,0
1439,63,37,90,94105,4,1.9,2,106,0,1,0,1,0
1443,39,13,71,95822,3,0.1,1,162,0,1,0,1,0
1444,36,12,25,95051,4,1.0,1,0,0,0,0,1,0
1446,47,21,141,90095,1,2.4,1,0,0,0,0,0,0
1448,52,28,145,94131,2,6.8,1,0,0,0,0,1,0
1450,63,37,109,90740,1,2.0,1,0,0,0,0,1,0
1451,59,34,80,90086,3,0.5,1,0,0,0,0,1,1
1453,54,28,52,94102,4,2.5,1,0,0,0,0,1,0
1454,29,5,85,90232,3,2.5,1,0,0,0,0,1,1
1455,51,25,148,90024,1,1.0,1,0,0,0,0,0,0
1456,63,39,160,91330,2,2.1,1,0,0,0,0,0,1
1457,36,11,39,90095,4,1.7,1,0,0,0,0,1,0
1462,54,28,48,93022,1,0.2,1,0,0,0,0,1,0
1464,35,10,94,91343,1,0.0,1,174,0,0,0,1,0
1465,28,4,120,92333,2,0.6,1,0,0,0,0,1,0
1467,33,9,145,94303,2,4.33,1,277,0,0,0,0,1
1472,52,26,180,94305,1,1.0,1,0,0,0,0,1,1
1479,65,39,160,94803,4,3.8,1,237,1,0,0,1,0
1482,35,9,179,91125,2,0.0,1,76,0,1,0,1,0
1483,60,35,8,94143,1,0.1,1,0,0,0,0,1,0
1484,58,32,63,92717,1,1.6,1,0,0,1,0,1,0
1488,28,4,159,93907,1,1.5,1,0,0,0,0,1,1
1489,38,12,39,95825,2,0.3,1,174,0,0,0,1,0
1492,38,12,38,94553,2,0.3,1,0,0,0,0,1,1
1493,33,8,133,90024,1,0.0,1,0,0,0,0,1,0
1494,58,34,84,91380,2,2.8,1,0,0,0,0,1,1
1499,49,23,125,94022,1,7.3,1,0,0,0,0,0,0
1501,54,28,74,95014,2,1.1,1,0,0,0,0,1,0
1503,65,39,113,90036,1,2.0,1,0,0,0,0,1,1
1507,52,27,25,95138,2,0.0,1,0,0,0,0,1,1
1513,53,28,44,91604,3,1.7,1,0,0,0,0,0,0
1514,45,21,183,95211,2,1.4,1,354,0,0,0,0,0
1515,44,20,175,96150,2,1.4,1,0,0,0,0,1,1
1518,52,26,45,92697,4,1.8,1,0,0,0,0,1,0
1521,54,30,120,95039,1,7.4,1,119,0,0,0,1,1
1522,33,8,175,92354,2,6.7,1,102,0,0,0,1,0
1526,43,18,58,95747,1,2.4,1,0,0,0,0,0,0
1529,34,9,134,94550,1,4.6,1,164,0,1,0,1,0
1531,47,21,20,94066,1,0.2,1,0,0,0,0,1,1
1533,45,20,55,94588,1,0.3,1,0,0,0,0,1,1
1534,62,37,155,93943,1,1.3,1,0,0,0,0,0,0
1535,59,34,30,92084,1,1.3,1,0,0,0,0,1,1
1536,61,37,39,92096,4,0.4,1,0,0,0,0,1,1
1538,58,34,41,94608,4,1.3,1,0,0,0,0,1,0
1541,34,8,11,91320,4,0.3,1,0,0,1,1,1,1
1542,61,35,154,92704,2,6.9,1,0,0,0,0,0,0
1545,39,15,24,92123,1,1.0,1,116,0,0,0,1,1
1546,55,29,131,92675,2,2.7,1,0,0,1,0,0,0
1547,33,9,105,95136,1,4.0,1,0,0,0,0,1,0
1549,57,32,21,92037,4,0.9,2,113,0,1,0,0,0
1550,57,31,45,94305,3,1.4,1,198,0,0,0,1,0
1551,40,14,39,93117,1,2.0,1,0,0,0,0,1,0
1552,50,25,192,94115,2,2.8,1,238,0,0,0,0,1
1553,29,5,195,94301,1,4.3,1,0,0,0,0,0,0
1554,46,22,83,95616,3,0.7,1,0,0,0,0,0,0
1558,51,25,41,94939,4,1.8,1,0,0,0,0,0,0
1559,35,10,72,91320,3,2.3,1,285,0,0,0,0,0
1561,35,10,31,95605,3,1.3,1,0,0,0,0,0,0
1562,46,20,73,93106,1,1.5,2,128,0,0,0,1,0
1563,34,9,89,91763,1,0.0,1,0,0,0,0,1,0
1567,61,35,40,95064,1,0.8,2,128,0,0,0,1,0
1571,41,16,114,94705,4,3.5,1,0,1,0,0,0,1
1572,37,13,73,95758,4,2.4,1,0,0,0,0,0,0
1575,62,37,42,92106,3,1.5,1,0,0,0,0,1,0
1576,50,26,88,90037,1,2.7,1,0,0,0,0,1,0
1577,43,18,98,92131,2,0.4,1,0,0,0,0,1,0
1578,34,8,65,92093,1,3.0,1,227,1,0,0,1,0
1580,29,5,122,94305,4,3.0,1,0,1,0,0,0,1
1582,53,29,24,94105,2,0.2,1,0,0,0,0,0,1
1583,43,19,170,92037,4,4.25,1,318,1,0,1,1,1
1586,57,31,131,90502,2,2.7,1,0,0,0,0,0,0
1588,52,28,21,94035,2,0.4,1,0,0,1,0,1,0
1591,49,23,58,95819,4,2.6,1,188,0,0,0,0,0
1592,39,13,72,95817,2,2.8,1,0,0,0,0,1,0
1595,37,12,93,90025,1,2.8,1,0,0,1,0,1,0
1599,40,15,85,94550,2,0.4,1,0,0,1,0,0,0
1600,50,24,124,93305,1,4.9,1,266,0,0,0,1,0
1601,60,36,129,92028,2,6.0,1,0,0,0,0,1,0
1602,31,7,180,93407,1,4.3,1,0,0,0,0,0,0
1606,54,28,83,93555,3,0.8,1,0,0,0,0,1,0
1607,35,10,33,90266,4,1.7,1,87,0,0,0,1,0
1609,36,10,35,94608,2,0.3,1,98,0,0,0,1,0
1613,41,17,33,94550,1,0.7,1,104,0,0,0,0,0
1618,61,36,44,91302,4,2.1,1,0,0,0,0,0,0
1619,29,3,29,94720,3,1.0,1,0,0,0,0,1,1
1622,31,6,53,92093,4,2.2,1,114,0,0,0,1,0
1624,63,38,153,90045,1,1.3,1,455,0,0,0,0,0
1627,31,6,180,93108,2,6.7,1,0,0,0,0,0,0
1629,42,18,90,95064,4,0.8,1,245,0,1,0,0,0
1636,49,24,70,91330,1,2.9,1,0,0,0,0,0,0
1639,32,7,125,95133,1,0.0,1,0,0,0,0,1,1
1641,36,10,55,90009,1,2.0,1,95,0,0,0,1,0
1643,27,3,84,95814,3,1.5,1,0,0,0,0,1,1
1645,59,35,33,91355,4,0.4,1,131,0,0,0,0,1
1647,52,26,93,91745,1,2.4,1,0,0,0,0,1,0
1655,60,34,102,94305,2,2.0,1,0,0,0,0,1,1
1656,35,11,53,91355,3,2.8,1,0,0,0,0,0,0
1657,40,15,175,92646,2,3.3,1,0,0,0,0,1,0
1658,31,5,28,94538,3,1.0,1,0,0,0,0,1,0
1659,50,25,14,92037,4,0.8,1,0,0,0,0,1,0
1661,37,11,34,95747,3,0.9,1,0,0,0,0,1,0
1665,61,35,63,91605,1,1.6,1,0,0,0,0,1,0
1668,44,20,22,90024,1,1.0,1,91,0,0,0,0,0
1670,43,18,21,95037,2,1.4,2,0,0,0,0,1,1
1673,48,23,173,94546,3,0.2,1,0,1,0,1,1,1
1674,29,5,81,94115,2,2.5,1,0,0,0,0,0,1
1676,60,35,119,90266,2,3.9,1,0,0,1,0,1,0
1679,56,30,73,94035,2,1.1,1,0,0,0,0,0,0
1680,57,31,114,94590,4,5.2,1,0,1,1,1,1,0
1682,32,8,141,90005,2,4.33,1,0,0,0,0,0,0
1683,51,26,14,92182,2,0.0,1,103,0,0,0,1,0
1685,60,34,83,94028,2,2.0,1,249,0,0,0,0,0
1686,40,16,89,90011,4,0.8,1,155,0,0,0,1,0
1687,62,38,39,96003,4,2.2,1,0,0,1,0,1,0
1689,60,34,108,92152,2,2.0,1,359,0,0,0,1,0
1690,59,34,21,92028,3,1.3,2,0,0,0,0,1,1
1691,26,1,102,95521,1,1.9,1,0,0,0,0,0,0
1693,58,32,32,93014,3,1.4,1,0,0,0,0,1,0
1694,57,31,43,95616,1,0.2,1,0,0,0,0,0,0
1695,48,23,35,94025,4,0.4,2,118,0,0,0,0,0
1696,30,6,184,91911,1,6.0,1,0,0,0,0,1,0
1697,45,21,140,91024,2,7.6,1,132,0,0,0,0,0
1698,64,38,32,90065,3,0.7,2,0,0,0,0,1,1
1699,44,20,149,92121,1,1.7,1,0,0,0,0,1,0
1701,43,16,71,90089,3,2.33,2,0,0,0,0,0,0
1703,56,30,122,93555,2,0.5,1,0,0,0,0,0,1
1705,46,22,198,95521,2,6.67,1,0,0,0,0,0,1
1710,58,34,88,93555,2,1.6,1,0,0,0,0,1,1
1712,27,3,201,95819,1,6.33,1,158,0,0,0,1,0
1714,44,20,15,90405,1,1.0,1,0,0,0,0,1,0
1715,51,27,155,94720,2,0.4,1,107,0,0,0,0,1
1717,32,8,200,91330,2,6.5,1,565,0,0,0,1,0
1720,36,12,188,91304,2,6.5,1,0,0,0,0,1,1
1721,52,28,8,95060,1,0.3,1,0,0,0,0,1,0
1723,26,2,72,92647,4,2.6,1,0,0,1,1,1,0
1726,57,32,19,95348,1,1.3,1,0,0,0,0,1,0
1732,43,19,125,92122,3,2.4,1,0,1,0,0,1,0
1734,40,16,125,95125,2,2.2,1,0,0,0,0,1,0
1737,57,31,131,95133,2,2.7,1,394,0,0,0,0,1
1740,33,7,83,95211,1,2.5,1,0,0,1,1,1,1
1741,45,20,59,95008,1,2.4,1,0,0,1,1,1,0
1742,45,21,121,94066,1,4.7,1,0,0,0,0,0,0
1744,50,24,32,94701,4,1.8,1,109,0,0,0,1,0
1745,28,3,29,91105,4,0.8,1,135,0,0,0,1,0
1752,55,31,25,94720,2,0.2,1,0,0,0,0,0,0
1754,53,29,25,92008,2,0.4,1,0,0,0,0,1,0
1755,50,24,80,95616,4,4.9,1,0,0,0,0,1,0
1758,33,9,60,90630,1,1.2,1,0,0,0,0,1,1
1759,40,14,54,96003,2,0.7,1,0,0,0,0,0,0
1760,31,6,44,94720,4,0.8,1,0,0,0,0,0,0
1764,48,24,134,94105,1,5.0,1,0,0,0,0,0,1
1766,26,0,149,95051,2,7.2,1,154,0,0,0,0,0
1769,43,18,128,92093,4,5.3,1,84,1,0,0,0,0
1770,60,36,62,94061,4,2.2,1,0,0,0,0,0,0
1771,62,37,9,91320,1,0.1,1,94,0,0,0,0,0
1774,31,5,28,92037,4,0.8,1,0,0,0,0,0,0
1780,34,9,68,94720,1,2.8,1,0,0,0,0,1,0
1781,49,24,82,95051,1,2.9,1,267,0,0,0,1,0
1783,37,11,60,95825,2,2.8,1,181,0,0,0,0,1
1784,53,27,192,94720,1,1.7,1,601,0,0,0,1,0
1785,54,29,119,91355,3,2.0,1,0,1,1,1,0,0
1786,29,3,190,94080,2,4.5,1,0,0,0,0,1,0
1788,32,6,44,94608,4,0.2,1,0,0,1,1,1,1
1790,44,20,171,91330,4,0.7,1,567,1,0,1,1,1
1792,48,22,139,94309,1,0.0,1,0,0,0,1,1,1
1793,46,20,118,93009,1,5.7,1,0,0,0,1,1,1
1796,49,24,70,90024,1,2.9,1,0,0,0,0,0,1
1798,35,10,143,91365,1,8.6,1,0,0,0,0,1,1
1799,44,20,185,94086,3,2.7,1,0,1,0,0,1,0
1801,57,33,45,94080,3,1.5,1,181,0,1,1,1,1
1803,29,3,121,92806,2,1.3,1,0,0,0,0,0,0
1804,58,32,59,94542,1,1.6,1,0,0,0,0,1,0
1805,40,16,64,92661,4,2.67,1,0,0,1,0,1,0
1806,51,26,15,92373,2,0.0,1,114,0,0,0,1,0
1807,61,36,10,90740,1,0.1,1,0,0,0,0,0,0
1809,55,31,50,93010,4,1.5,1,0,0,0,0,1,0
1811,60,34,35,90025,1,0.2,1,0,0,0,0,1,0
1813,43,19,128,95054,1,4.7,1,0,0,0,0,1,0
1816,65,39,18,94923,2,0.4,1,0,0,1,1,1,1
1820,60,34,59,94110,1,1.6,1,231,0,0,0,1,0
1821,47,22,25,90404,1,0.1,1,148,0,0,0,1,0
1822,32,7,54,96008,4,1.3,1,0,0,1,0,1,0
1824,33,8,125,91320,1,0.0,1,0,0,0,0,1,1
1827,59,33,35,91105,1,0.2,1,171,0,0,0,0,0
1828,56,30,113,92704,2,2.7,1,352,0,0,0,0,1
1831,38,13,119,94571,2,7.8,1,221,0,0,0,0,0
1836,47,23,171,94546,2,1.4,1,284,0,0,0,1,1
1838,43,18,103,90089,3,1.0,1,180,0,0,0,1,1
1839,31,7,99,94720,1,4.0,1,0,0,0,0,1,0
1844,30,6,154,90230,1,6.0,1,0,0,0,0,0,0
1849,35,10,30,95032,3,1.3,1,0,0,1,1,1,1
1851,36,10,20,90033,4,0.3,1,97,0,0,0,1,0
1854,51,25,60,90401,4,2.6,1,97,0,0,0,1,0
1859,35,11,65,90747,3,2.8,1,240,0,0,0,1,0
1860,67,41,20,91741,2,0.4,1,80,0,0,0,0,0
1861,30,6,179,91103,3,4.9,1,142,1,0,0,1,0
1862,62,38,161,90274,1,2.9,1,0,0,1,1,1,1
1865,61,36,61,92103,2,2.8,1,0,0,0,0,0,0
1868,65,39,21,94553,2,0.4,1,0,0,0,0,0,0
1869,25,1,118,92833,1,5.4,1,0,0,0,0,1,1
1873,43,17,98,94402,3,1.1,1,0,0,0,0,0,0
1874,28,4,69,94538,3,0.7,2,80,0,0,0,1,0
1876,27,3,112,90066,3,2.5,1,389,0,1,0,1,0
1877,62,38,123,90210,1,2.9,1,0,0,0,0,0,0
1879,56,30,59,95833,3,0.8,1,159,0,1,0,1,0
1883,56,32,125,91330,3,0.6,1,342,1,0,1,1,1
1884,56,30,185,91711,1,2.9,1,0,0,0,0,0,0
1885,57,33,163,94132,1,7.4,1,0,0,0,0,1,0
1887,65,41,115,94105,4,1.7,2,0,0,0,0,0,0
1890,56,30,111,93106,4,0.3,1,372,1,1,1,1,0
1891,52,27,184,90630,1,8.1,1,0,0,0,0,0,0
1893,55,30,55,94110,3,1.7,1,0,0,0,0,0,1
1895,51,25,29,94303,4,0.1,1,0,0,0,0,1,1
1896,26,2,72,95003,4,2.6,1,0,0,0,0,1,0
1899,50,24,43,95630,4,0.1,1,0,0,0,0,1,0
1900,59,33,34,94115,1,0.2,1,0,0,0,0,1,0
1902,43,19,201,94305,2,6.67,1,0,0,1,0,1,0
1905,38,14,91,95060,2,0.0,1,0,0,0,0,1,0
1906,25,-1,112,92507,2,2.0,1,241,0,0,0,1,0
1907,42,17,98,92866,2,0.4,1,275,0,0,0,1,0
1908,42,18,115,93711,1,0.3,1,0,0,0,0,0,0
1914,57,33,134,92110,4,0.9,1,198,1,0,0,1,0
1916,37,11,69,91911,3,2.1,1,0,0,1,0,0,0
1924,45,19,22,90639,1,0.2,1,0,0,0,0,1,0
1926,43,19,81,90245,1,0.3,1,218,0,0,0,1,0
1928,35,10,62,93106,3,2.3,1,0,0,0,0,0,0
1931,56,29,51,94080,3,1.0,2,0,0,0,0,1,0
1932,28,2,140,92122,2,2.0,1,0,0,0,0,1,0
1933,64,39,73,90073,3,2.4,1,185,0,0,0,0,0
1940,55,31,23,94122,2,0.2,1,0,0,0,0,1,0
1942,43,19,58,95307,2,3.2,1,0,0,0,0,1,0
1944,49,23,39,95521,4,2.6,1,0,0,0,0,0,0
1946,57,33,30,93106,3,1.5,1,151,0,1,0,1,0
1949,39,15,62,93955,4,2.4,1,86,0,0,0,0,0
1954,49,25,22,90058,4,0.2,1,83,0,0,0,1,0
1957,42,18,89,94539,4,0.8,1,184,0,0,0,0,0
1958,29,4,121,90028,2,3.3,1,0,0,0,0,1,0
1959,28,2,42,95762,1,1.5,1,0,0,0,0,1,1
1960,50,24,130,95833,1,1.0,1,0,0,0,0,0,0
1962,52,26,114,94304,1,4.9,1,0,0,0,0,0,0
1963,28,4,155,90019,1,6.33,1,0,0,0,0,0,0
1964,62,38,50,94539,2,1.1,1,0,0,0,0,0,1
1965,34,10,34,95060,1,1.5,2,111,0,0,0,0,1
1970,64,38,115,94105,1,2.0,1,0,0,0,0,1,1
1971,27,3,148,92780,1,1.5,1,397,0,0,0,1,1
1974,47,22,11,92192,2,0.0,1,78,0,0,0,0,0
1976,29,3,113,94132,2,0.2,1,0,0,0,0,1,1
1977,39,13,80,95616,2,1.8,1,0,0,0,0,1,0
1980,41,17,11,91330,1,1.0,1,0,0,0,0,0,0
1981,45,19,141,94706,1,2.4,1,0,0,0,0,1,0
1983,58,33,18,94701,3,0.1,2,110,0,0,0,1,0
1984,31,5,20,94720,2,0.3,1,0,0,0,0,0,0
1987,42,17,114,90065,2,0.4,1,0,0,0,0,0,0
1989,52,28,18,91301,1,0.3,1,120,0,0,0,1,0
1992,46,22,30,90747,3,0.5,1,0,0,0,0,0,0
1993,52,28,38,94302,2,0.8,1,0,0,0,0,0,1
1994,30,5,122,94545,2,3.1,1,0,0,0,0,0,0
1995,32,8,183,94080,1,6.0,1,0,0,0,0,0,0
2003,30,4,142,92126,3,4.2,1,359,1,0,0,0,0
2004,44,20,124,90277,1,4.7,1,0,0,0,0,1,1
2008,48,21,78,94010,3,2.0,2,0,0,0,0,1,1
2010,25,0,99,92735,1,1.9,1,323,0,0,0,0,0
2011,61,36,41,96001,2,1.5,1,0,0,0,0,0,0
2013,57,31,51,93943,1,1.4,1,0,0,0,0,1,1
2016,30,5,141,95747,1,0.8,1,0,0,0,0,1,0
2017,41,17,93,92835,4,0.8,1,218,0,0,0,0,0
2019,63,39,160,90089,2,2.1,1,0,0,0,0,1,1
2020,43,17,44,94611,1,0.2,1,0,0,1,1,1,0
2021,59,34,33,94303,3,0.2,1,0,0,1,0,0,0
2024,55,29,55,94720,1,0.2,1,151,0,0,0,1,0
2025,36,12,113,94305,4,0.2,1,0,1,0,0,0,0
2028,38,12,179,94596,2,0.0,1,380,0,0,0,0,0
2031,63,38,111,95814,2,3.9,1,207,0,1,1,1,1
2032,60,35,80,94608,3,0.5,1,0,0,0,0,1,0
2033,62,37,32,90266,3,0.2,1,0,0,1,0,0,1
2034,49,23,83,92126,1,0.3,1,0,0,0,0,1,1
2036,36,10,29,93065,4,1.0,1,0,0,0,0,1,1
2039,50,24,150,94551,1,7.3,1,0,0,0,0,1,1
2043,41,17,121,94102,1,0.3,1,0,0,0,0,1,0
2045,51,25,102,92677,1,0.3,1,0,0,0,0,1,0
2048,63,38,134,90640,3,4.0,2,0,1,0,0,0,1
2052,34,8,38,90018,4,0.2,1,0,0,0,0,0,0
2053,28,3,120,94080,1,0.8,1,170,0,0,0,0,0
2054,58,32,85,92110,2,2.0,1,161,0,1,1,1,1
2055,39,15,89,92126,2,1.9,1,0,0,0,0,0,0
2057,33,8,20,92691,3,1.3,1,83,0,0,0,0,1
2058,37,12,125,91754,2,3.9,1,0,0,0,0,1,1
2060,28,3,173,92121,2,6.7,1,222,0,0,0,1,0
2063,57,31,55,92521,3,2.5,1,219,0,0,1,1,1
2066,29,5,83,92354,3,1.5,1,0,0,0,0,1,1
2068,58,32,180,91770,1,2.9,1,0,0,0,0,0,1
2070,30,4,35,90059,4,0.8,1,0,0,0,0,1,1
2071,62,37,95,91107,3,0.5,1,0,0,0,0,0,0
2072,52,28,83,94705,1,0.0,1,0,0,0,0,1,0
2073,29,3,39,95831,4,0.2,1,137,0,0,0,1,1
2077,49,23,119,91030,1,7.3,1,398,0,0,0,0,0
2091,50,25,79,95023,1,2.9,1,307,0,0,0,0,1
2095,57,31,64,90024,3,2.5,1,208,0,0,0,0,1
2099,59,35,94,90089,1,3.8,1,272,0,0,0,0,0
2100,53,29,10,90095,2,0.4,1,0,0,0,0,0,0
2101,31,6,145,93940,1,0.8,1,84,0,0,0,1,0
2104,37,13,153,90630,2,6.5,1,0,0,0,0,1,1
2107,62,38,132,90210,1,2.9,1,0,0,0,0,0,0
2109,56,32,85,94132,3,2.67,1,0,0,1,0,1,0
2111,28,4,104,94301,3,2.5,1,0,0,0,0,0,0
2112,60,34,40,94105,1,1.6,1,0,0,0,0,1,0
2113,27,2,103,93117,1,1.9,1,120,0,0,0,1,0
2114,57,33,25,92064,2,1.0,1,0,0,0,0,1,0
2116,57,31,30,95070,3,1.4,1,0,0,0,0,0,0
2117,44,17,70,94920,3,2.67,2,0,0,0,0,0,0
2119,31,5,125,91320,2,1.3,1,0,0,0,0,1,1
2123,55,29,64,93437,3,0.8,1,119,0,0,0,0,1
2125,35,9,44,92054,3,0.9,1,89,0,0,0,0,0
2126,44,20,93,91910,4,0.8,1,101,0,0,0,1,0
2127,44,19,83,92121,4,0.4,1,141,0,0,0,0,0
2128,40,14,179,94720,2,0.0,1,0,0,0,0,0,0
2131,55,31,74,94607,3,2.67,1,0,0,0,0,0,1
2132,55,31,15,95747,1,0.2,1,0,0,0,0,0,0
2133,59,35,11,94949,2,1.0,1,0,0,0,0,0,1
2139,36,11,40,93611,2,1.1,2,166,0,1,0,0,0
2142,28,4,38,92109,4,1.6,1,0,0,0,0,0,0
2143,55,31,62,93943,4,1.5,1,0,0,0,0,1,0
2144,56,31,65,92093,3,1.7,1,109,0,0,0,0,0
2146,57,32,40,94720,3,1.7,1,0,0,0,0,1,1
2148,27,3,20,92007,4,1.0,1,0,0,0,0,0,0
2150,48,22,150,95039,1,7.3,1,193,0,0,0,0,0
2151,62,38,54,91320,1,0.8,1,0,0,1,0,0,1
2154,40,14,123,90041,1,5.2,1,0,0,0,0,1,0
2156,62,38,154,94305,1,2.9,1,0,0,0,0,1,0
2157,35,11,93,90747,2,2.7,1,0,0,0,0,1,1
2158,25,0,71,93727,4,0.2,1,78,0,1,0,0,0
2159,50,25,83,94720,4,3.1,1,0,1,0,0,0,1
2162,52,28,38,94131,4,0.9,2,95,0,0,0,1,1
2165,27,3,104,92007,2,2.5,1,184,0,1,0,1,0
2168,65,40,162,94596,1,1.3,1,0,0,0,0,1,0
2174,34,10,34,93407,1,1.7,1,164,0,0,0,0,0
2175,30,5,123,95605,2,3.1,1,0,0,0,0,1,0
2176,37,12,160,94305,2,3.3,1,0,0,0,0,0,0
2178,31,7,108,94507,1,4.0,1,0,0,0,0,1,0
2187,26,2,92,96001,2,0.2,1,0,0,0,0,1,0
2190,48,23,128,94309,1,0.6,1,0,0,0,0,1,1
2191,27,3,110,96150,2,0.2,1,294,0,1,0,0,1
2192,42,18,171,90027,2,8.0,1,0,0,0,0,1,0
2193,25,1,13,95814,4,1.0,1,95,0,0,0,0,1
2196,51,27,33,92037,4,0.2,1,83,0,0,0,1,0
2201,50,25,29,90095,2,1.3,1,0,0,0,0,0,0
2202,41,16,111,92009,2,0.4,1,0,0,0,0,0,0
2204,50,25,130,91320,1,0.6,1,311,0,0,0,0,0
2205,63,37,20,94704,2,0.4,1,76,0,0,0,0,0
2206,63,37,101,95819,2,2.8,1,0,0,0,0,0,0
2210,36,10,33,94080,3,0.9,1,0,0,0,0,0,0
2213,46,22,83,95060,1,2.7,1,0,0,0,0,1,0
2214,61,37,45,94610,1,0.8,1,0,0,0,0,0,0
2217,64,40,89,94707,1,3.8,1,0,0,0,0,0,0
2223,45,20,41,95008,1,0.3,1,0,0,0,0,1,0
2227,25,1,98,90717,1,5.4,1,0,0,0,0,1,0
2232,46,20,134,94575,1,5.7,1,146,0,1,0,1,0
2233,59,33,140,95035,2,0.5,1,262,0,0,0,1,0
2236,63,37,141,92121,2,6.9,1,0,0,0,0,1,1
2238,30,5,134,92647,1,0.0,1,0,0,0,0,1,1
2240,55,29,42,95833,4,2.5,1,0,0,1,0,0,0
2242,26,0,14,94301,4,0.4,1,94,0,0,0,1,0
2243,41,17,45,93437,1,1.8,1,172,0,1,0,1,0
2251,46,22,154,93109,1,5.0,1,0,0,0,0,1,0
2253,58,32,41,95819,3,1.4,1,0,0,0,0,1,0
2254,59,35,25,95827,2,0.3,1,75,0,0,0,1,0
2255,46,22,53,90025,2,1.7,1,109,0,0,0,0,0
2256,33,9,79,94612,1,0.1,1,0,0,0,0,1,0
2258,47,23,130,91763,2,1.4,1,0,0,0,0,0,0
2259,59,33,93,91320,2,0.7,2,0,0,0,0,0,0
2260,24,0,82,90401,3,0.8,1,0,0,0,0,1,0
2264,47,21,28,92868,3,1.5,1,0,0,0,0,1,0
2267,38,13,143,94550,1,4.1,1,0,0,0,0,0,0
2271,26,2,51,92103,4,2.6,1,0,0,0,0,1,0
2272,60,34,101,94928,3,4.4,1,0,0,0,0,1,1
2273,27,3,90,91365,3,0.8,1,0,0,0,0,1,0
2276,40,16,115,94305,1,3.4,1,0,0,0,0,1,0
2277,29,3,172,92093,4,4.4,1,0,1,0,0,0,0
2279,30,4,204,91107,2,4.5,1,0,0,0,0,1,0
2280,47,23,34,91711,4,0.6,1,0,0,0,1,1,1
2283,38,14,90,94110,2,2.7,1,0,0,0,0,1,1
2285,47,23,22,94901,4,0.6,1,0,0,0,0,1,1
2292,47,23,90,95449,1,2.7,1,323,0,0,0,0,0
2293,57,33,170,95051,2,2.1,2,0,1,0,0,0,0
2295,39,15,129,90035,2,1.9,1,0,0,0,0,0,0
2297,27,3,82,94305,2,0.2,1,0,0,0,0,0,1
2301,66,41,70,93711,3,2.2,1,0,0,0,0,0,0
2303,42,17,155,92806,1,7.0,1,0,0,0,0,0,1
2305,27,2,170,95818,3,4.7,1,0,1,0,0,1,0
2306,32,7,185,92009,2,6.7,1,0,0,0,1,1,1
2307,37,13,82,92373,2,2.2,1,0,0,0,0,0,0
2308,56,31,60,92009,3,1.7,1,0,0,0,0,1,0
2310,36,12,29,94583,1,1.33,1,81,0,0,0,1,0
2311,32,6,32,92806,2,0.3,1,0,0,0,0,0,0
2313,48,22,83,91345,2,2.4,2,0,0,0,0,1,0
2314,58,32,54,94035,3,0.3,2,0,0,0,0,1,1
2317,54,30,112,94920,2,6.8,1,0,0,0,0,1,0
2320,34,9,198,95819,2,3.0,1,422,0,0,0,1,0
2323,62,37,129,94143,1,1.3,1,0,0,0,0,1,0
2326,55,30,85,94591,1,0.1,3,0,0,0,0,0,0
2327,45,19,73,94086,4,2.9,1,0,0,0,0,0,0
2329,27,2,130,92182,3,4.4,1,192,1,0,0,1,0
2330,30,4,39,94022,1,1.5,1,0,0,0,0,1,0
2334,45,21,61,95812,3,0.7,1,0,0,1,1,1,1
2335,45,21,69,90025,4,1.9,1,0,0,0,0,0,0
2339,42,18,130,94611,2,7.5,1,0,0,0,0,0,1
2341,33,9,44,94112,1,1.2,1,0,0,0,0,0,0
2343,62,37,92,94608,3,0.5,1,310,0,0,0,1,0
2344,58,34,55,90032,1,0.8,1,168,0,0,0,1,1
2345,65,40,20,94608,3,0.5,1,102,0,0,0,1,1
2346,65,40,89,90291,1,4.1,1,299,1,0,1,1,0
2349,51,25,85,94015,4,4.9,1,0,0,0,0,1,1
2350,59,35,94,94610,1,4.3,1,76,0,1,1,1,0
2351,52,28,22,91711,2,0.4,1,0,0,0,0,1,1
2355,35,9,8,94043,1,0.4,2,0,0,0,0,1,0
2365,59,35,88,94923,2,1.6,1,0,0,0,0,0,1
2368,26,1,80,95616,4,0.2,1,0,0,0,0,1,1
2369,48,22,78,94588,3,2.1,1,0,0,0,0,1,1
2370,50,24,45,94005,4,0.1,1,93,0,0,0,1,0
2373,34,10,45,93943,3,2.8,1,153,0,0,0,1,1
2377,58,33,23,91768,3,0.2,1,0,0,0,0,0,0
2378,47,23,160,92037,2,6.67,1,0,0,0,0,0,0
2380,42,18,110,94720,2,6.1,1,182,0,0,0,1,0
2384,63,39,52,90033,2,1.1,1,0,0,0,0,1,1
2385,62,37,53,92028,2,2.8,1,0,0,0,0,1,0
2387,31,5,72,94542,3,1.6,1,0,0,0,0,1,0
2389,64,39,23,91768,3,0.5,1,0,0,1,0,0,0
2391,33,9,41,95814,3,2.0,1,108,0,0,0,1,0
2393,44,20,138,94143,2,3.3,1,0,0,0,0,0,1
2394,53,28,14,94005,4,0.8,1,0,0,0,0,1,1
2395,42,18,145,94065,2,8.0,1,505,0,0,0,0,0
2397,34,10,43,95014,1,1.7,1,142,0,0,0,0,1
2399,53,29,90,95053,2,0.3,1,217,0,1,0,0,1
2404,38,13,140,90210,4,0.5,1,0,1,0,0,0,0
2409,48,22,85,94105,3,1.1,1,203,0,0,0,1,0
2410,55,31,73,95207,3,2.67,1,219,0,0,0,1,0
2411,29,4,130,92630,2,6.7,1,0,0,0,0,0,1
2413,61,36,59,93118,4,1.7,1,148,0,0,0,0,0
2415,34,10,134,91775,1,4.0,1,0,0,0,0,0,0
2416,45,21,11,94143,4,0.2,1,106,0,0,0,1,1
2419,41,17,28,95616,1,0.7,1,0,0,0,0,0,1
2421,63,39,40,91304,1,0.8,1,118,0,0,0,0,1
2423,58,32,163,95014,2,0.5,1,400,0,0,0,0,0
2429,39,12,108,92717,4,3.67,2,301,1,0,0,0,1
2431,23,-1,73,92120,4,2.6,1,0,0,0,0,1,0
2432,56,31,54,91380,4,2.1,1,0,0,0,0,1,0
2435,38,12,93,95616,1,5.2,1,267,0,0,0,1,0
2437,53,29,39,92626,3,1.5,1,0,0,0,0,1,0
2439,62,37,29,91030,1,0.3,3,0,0,0,0,0,1
2442,64,38,38,94305,2,0.3,1,186,0,0,0,1,1
2443,39,15,41,90028,2,1.7,1,0,0,0,0,0,0
2447,25,1,70,93010,4,2.6,1,218,0,0,0,1,0
2448,44,19,201,95819,2,8.8,1,0,0,0,0,1,1
2450,31,7,64,94720,1,1.2,1,0,0,0,0,1,0
2452,51,25,119,93940,1,4.9,1,208,0,0,0,1,1
2457,54,30,39,95211,2,0.8,1,0,0,0,0,0,1
2461,31,5,32,92123,2,0.3,2,130,0,0,0,1,0
2463,52,28,23,95828,3,0.4,1,0,0,0,0,1,0
2464,35,9,44,92009,4,0.2,1,0,0,0,0,1,0
2465,60,36,32,92407,3,0.4,2,165,0,0,0,1,0
2466,58,34,25,90059,2,0.3,1,123,0,0,0,1,0
2469,49,23,133,94304,1,7.3,1,0,0,0,0,1,1
2473,62,36,119,94720,2,2.0,1,0,0,0,0,0,0
2474,57,32,39,92182,4,0.9,1,147,0,0,0,0,0
2476,52,26,79,95817,3,0.8,1,183,0,0,0,0,0
2479,30,5,178,94063,2,6.7,1,0,0,0,0,0,0
2483,28,4,129,92115,1,1.5,1,0,0,0,0,0,1
2484,44,18,68,93943,4,2.9,1,0,0,1,0,0,0
2486,61,36,48,94025,3,1.5,1,0,0,0,0,0,1
2487,61,36,130,92717,1,1.3,1,257,0,0,0,0,0
2489,38,14,105,94708,2,1.9,1,0,0,0,0,1,0
2490,29,3,41,92626,4,0.2,1,0,0,0,0,1,0
2492,38,14,80,92868,2,2.7,1,0,0,0,0,1,0
2493,28,3,134,96091,2,3.1,1,0,0,0,0,1,0
2495,35,9,63,92697,2,1.8,1,0,0,0,0,1,0
2496,46,22,70,94701,4,1.9,1,212,0,0,0,0,1
2499,38,14,111,92028,2,6.1,1,326,0,0,0,0,0
2501,28,2,121,92096,2,2.0,1,341,0,0,0,1,0
2505,48,24,61,91380,2,1.7,1,229,0,0,0,0,1
2506,33,7,43,96064,4,0.8,1,0,0,0,0,0,0
2508,59,34,60,90048,4,2.1,1,234,0,0,0,1,1
2509,40,15,63,93407,3,3.0,1,0,0,1,0,1,0
2511,62,38,52,95616,4,1.3,2,0,0,0,0,1,1
2512,51,27,92,92121,4,3.0,1,0,1,0,1,1,1
2513,58,32,111,90212,2,1.4,1,298,0,0,0,1,0
2518,57,31,120,95616,2,2.0,1,0,0,0,0,0,1
2520,60,36,10,92121,2,1.0,1,0,0,0,0,1,1
2522,49,23,29,94551,4,1.8,1,0,0,0,0,1,1
2523,63,37,145,94025,2,6.9,1,0,0,0,0,1,0
2524,49,23,100,95403,2,6.3,1,0,0,0,0,0,0
2525,49,25,24,95678,3,0.4,1,0,0,0,0,1,0
2526,32,8,60,95816,1,1.2,1,0,0,0,0,1,1
2529,57,31,79,91335,3,4.4,1,0,0,0,0,0,1
2532,59,35,14,94305,2,1.0,1,107,0,0,0,1,0
2533,53,28,19,94608,4,0.8,1,106,0,0,0,0,1
2538,53,27,75,94303,1,1.9,2,0,0,0,0,1,0
2539,37,12,175,92037,2,7.8,1,297,0,0,0,1,1
2540,32,7,98,95929,1,4.2,1,171,1,1,1,0,0
2541,49,23,41,95521,4,0.1,1,153,0,0,0,1,0
2547,50,25,9,91911,2,0.0,1,0,0,1,0,0,0
2549,48,24,80,91343,1,2.7,1,0,0,0,0,1,0
2555,63,39,53,93940,1,0.8,1,0,0,0,0,0,0
2557,28,4,82,92831,3,1.5,1,103,0,0,0,1,0
2559,43,19,172,95136,2,6.67,1,0,0,0,0,1,0
2560,36,12,88,90212,2,2.7,1,0,0,0,0,1,0
2567,30,5,42,94305,1,1.0,1,184,0,0,0,0,0
2568,58,33,142,92333,2,3.9,1,0,0,0,0,0,1
2569,46,21,34,92373,2,1.3,1,0,0,0,0,1,0
2570,35,10,139,90024,1,4.6,1,0,0,0,0,0,0
2571,30,4,154,95621,2,4.5,1,207,0,0,0,1,0
2574,58,34,80,90095,2,1.6,1,0,0,0,0,1,1
2575,45,18,10,92037,3,0.67,2,100,0,0,0,1,0
2577,60,36,30,93711,4,1.3,1,118,0,0,0,1,1
2579,45,21,164,90638,1,5.0,1,0,0,0,0,0,1
2581,31,7,149,92624,1,6.0,1,0,0,0,0,0,0
2584,37,11,71,91302,1,2.5,1,185,0,0,0,1,1
2587,47,23,149,92675,4,6.1,1,0,1,0,0,0,1
2589,61,36,29,93065,1,1.3,1,0,0,0,0,0,0
2590,64,40,123,90840,1,3.8,1,0,0,0,0,1,1
2593,57,32,69,94710,4,0.7,1,245,0,0,0,0,0
2596,35,10,105,92780,1,4.6,1,0,0,0,0,0,0
2597,33,8,39,95032,3,2.3,1,0,0,0,0,0,0
2598,47,23,163,92653,1,5.0,1,0,0,0,0,0,0
2599,46,20,9,94005,1,0.2,1,0,0,0,0,1,0
2603,52,26,161,93108,4,4.3,1,0,1,0,1,1,1
2604,53,27,60,90049,1,0.2,1,0,0,0,0,1,0
2607,46,22,73,92648,2,1.7,1,216,0,0,0,1,0
2608,57,33,49,94305,4,1.5,1,214,0,1,1,1,1
2609,61,35,79,94024,2,2.0,1,194,0,0,0,1,1
2610,42,18,120,93407,2,7.5,1,0,0,1,0,0,0
2611,40,16,60,94501,2,3.2,1,0,0,0,0,0,0
2616,57,32,68,94542,4,0.7,1,191,0,0,0,1,1
2618,44,20,65,92037,2,2.5,1,0,0,0,0,1,0
2620,33,8,62,92093,3,2.3,1,98,0,0,0,0,1
2621,48,22,152,95616,1,0.0,1,0,0,0,0,0,0
2624,42,17,111,94304,3,3.0,1,0,1,1,1,0,1
2625,47,21,82,94109,3,2.1,1,0,0,0,0,0,0
2628,56,30,61,93106,3,2.5,1,193,0,0,0,1,0
2633,50,24,81,94720,1,4.9,1,248,0,0,0,1,0
2634,49,25,13,95054,3,0.4,1,106,0,0,0,1,0
2635,34,9,75,94303,1,2.8,1,194,0,0,0,0,0
2637,38,13,179,93943,1,4.1,1,0,0,0,0,1,0
2641,39,13,81,94309,2,2.8,1,0,0,0,0,1,0
2642,29,5,133,90095,1,5.4,1,212,0,0,0,1,0
2646,36,12,93,95125,2,2.2,1,0,0,0,0,1,0
2648,61,37,155,91605,1,2.9,1,0,0,0,0,1,0
2649,26,0,155,93105,2,7.2,1,0,0,0,0,0,0
2650,33,8,68,92407,4,1.3,1,0,0,0,0,1,0
2651,64,40,52,95060,2,1.1,1,226,0,0,0,0,0
2653,24,0,44,90089,4,1.6,1,180,0,0,0,1,0
2654,30,5,121,94555,2,3.1,1,408,0,0,0,1,0
2655,60,36,49,94965,4,2.2,1,204,0,1,0,1,0
2657,40,15,144,91040,1,4.1,1,0,0,0,0,0,0
2659,30,4,44,94304,1,1.5,1,109,0,0,0,0,0
2662,66,41,145,90009,1,2.5,1,0,0,0,0,1,0
2663,65,41,158,92346,2,2.1,1,0,0,0,0,0,0
2664,54,28,78,91311,4,4.9,1,0,0,0,0,0,0
2669,60,35,113,94507,1,0.9,1,406,0,0,0,1,0
2671,59,33,142,94080,2,2.7,1,0,0,0,0,0,0
2672,62,37,128,92093,1,2.5,1,0,0,0,0,0,0
2675,30,6,101,90245,2,0.6,1,0,0,0,0,1,0
2677,44,20,122,91765,1,0.3,1,0,0,1,0,1,0
2678,32,8,70,91423,3,1.5,1,0,0,0,0,1,0
2688,52,27,135,93561,1,0.6,1,452,0,0,0,1,0
2690,40,16,104,91730,1,3.4,1,249,0,0,0,0,0
2694,55,29,62,90089,1,0.2,1,0,0,0,0,1,0
2695,45,19,85,94720,3,2.1,1,0,0,0,0,1,1
2699,38,14,122,95819,2,8.0,1,0,0,0,0,1,1
2703,42,18,144,94063,2,6.1,1,158,0,0,0,0,0
2705,38,13,191,91710,2,3.0,1,0,0,0,0,1,0
2707,43,17,158,90740,1,2.4,1,0,0,0,0,1,0
2711,51,27,39,94304,2,0.8,1,0,0,0,0,0,0
2712,39,14,34,94939,4,1.7,1,0,0,0,0,1,1
2713,31,7,32,91320,1,1.7,1,0,0,0,0,1,0
2714,44,18,129,92028,1,5.7,1,0,0,0,0,1,0
2715,46,20,158,92870,3,5.4,1,432,1,0,0,0,1
2716,42,18,54,90089,1,1.8,1,0,0,0,0,1,0
2718,23,-2,45,95422,4,0.6,2,0,0,0,0,1,1
2721,48,23,32,93302,1,0.1,1,0,0,0,0,0,1
2723,58,34,31,92126,4,0.4,1,0,0,0,0,0,0
2724,54,29,72,94558,2,3.7,1,144,0,0,0,1,0
2726,63,38,138,92675,1,2.5,1,0,0,0,0,1,0
2728,45,19,69,90840,1,2.8,1,220,0,0,0,1,1
2729,39,13,58,94555,3,2.1,1,247,0,0,0,1,0
2730,58,34,63,90007,4,1.5,1,0,0,0,0,1,0
2731,56,30,43,90401,2,0.3,1,0,0,1,0,0,0
2735,56,31,64,94126,4,0.9,1,0,0,0,0,1,0
2737,53,29,12,95621,1,0.3,1,0,0,0,0,0,0
2738,57,31,159,94577,2,0.5,1,0,0,0,0,0,0
2742,29,3,49,90266,1,1.5,1,0,0,0,0,0,0
2743,39,14,89,95762,2,0.4,1,0,0,0,0,1,0
2745,51,27,10,92121,2,0.2,1,86,0,0,0,0,0
2752,47,23,32,92251,4,0.6,1,156,0,0,0,1,1
2755,26,1,61,93943,4,2.2,1,119,0,0,0,0,0
2758,63,38,50,93943,2,2.8,1,205,0,0,0,0,0
2761,32,7,49,94080,3,2.3,1,0,0,0,0,1,0
2763,56,31,65,93403,2,3.7,1,0,0,0,0,1,0
2764,55,31,13,93943,4,0.7,1,0,0,0,0,1,0
2767,58,32,108,95123,3,4.4,1,0,0,0,0,1,0
2768,48,24,59,90401,1,0.0,1,144,0,0,0,1,0
2769,48,22,163,95819,1,2.4,1,396,0,0,0,1,0
2772,41,16,115,92333,1,7.0,1,0,0,0,0,0,0
2773,55,31,130,92646,4,6.5,1,0,1,0,0,0,1
2775,53,29,118,94066,2,0.3,1,0,0,0,0,1,0
2776,38,13,163,95039,1,4.1,1,0,0,0,0,0,0
2777,46,20,140,93106,2,6.3,1,380,0,0,0,1,1
2778,59,33,91,94122,2,0.7,2,0,0,0,0,1,1
2782,47,21,22,92037,1,0.2,1,104,0,0,0,0,0
2783,47,22,53,92691,1,0.3,1,213,0,0,0,0,0
2785,36,9,115,91765,4,2.2,2,0,1,0,0,0,0
2788,60,34,152,92807,2,6.9,1,0,0,0,0,0,0
2789,45,20,30,96003,1,0.1,1,0,0,0,0,1,0
2792,44,20,182,94710,2,7.6,1,0,0,0,0,0,0
2793,54,30,44,95616,3,1.5,1,117,0,0,0,1,0
2794,57,33,122,94301,2,6.0,1,153,0,1,1,1,1
2795,52,26,35,94550,4,1.8,1,0,0,0,0,1,0
2802,58,34,41,91016,4,0.4,1,177,0,0,0,1,0
2805,56,32,33,95014,3,1.5,1,0,0,0,0,0,0
2808,27,2,129,90009,2,3.3,1,0,0,1,0,0,0
2817,50,26,128,92780,2,0.4,1,0,0,0,0,1,0
2818,31,7,105,94025,1,4.0,1,331,0,0,0,1,0
2819,35,9,40,93943,3,0.9,1,0,0,0,0,1,1
2820,63,37,10,90095,2,0.4,1,0,0,0,0,1,0
2821,29,4,102,90245,2,3.3,1,303,0,0,0,0,0
2823,30,5,30,90245,4,0.8,1,158,0,0,0,1,0
2825,62,36,44,92867,2,0.3,1,0,0,0,0,0,0
2830,35,9,82,94720,1,2.5,1,138,0,0,0,0,0
2831,59,35,39,95616,4,1.3,1,0,0,0,0,1,0
2834,46,22,152,90009,2,1.4,1,0,0,0,0,1,0
2835,40,16,12,90033,1,1.0,1,91,0,1,0,0,0
2836,42,16,32,94112,3,1.5,1,149,0,0,0,1,0
2837,25,1,74,94085,4,2.6,1,204,0,0,0,0,0
2838,39,14,54,92037,2,1.1,2,159,0,0,0,0,1
2841,41,15,95,91101,3,0.1,1,240,0,1,0,0,0
2843,36,11,90,94709,1,2.8,1,0,0,0,0,1,0
2844,27,3,20,95616,4,1.0,1,134,0,0,0,1,1
2848,44,18,21,90840,1,0.2,1,0,0,0,0,1,0
2850,45,21,158,94085,2,6.67,1,132,0,0,0,1,1
2851,58,34,125,94720,1,4.3,1,219,0,0,0,0,0
2853,54,29,183,93105,1,8.1,1,0,0,0,0,1,1
2858,34,8,184,93106,3,7.5,1,0,1,0,0,0,0
2859,36,11,158,95054,2,7.8,1,114,0,0,0,1,1
2864,29,5,70,93101,4,0.0,1,0,0,0,0,1,1
2867,46,22,141,90089,2,3.3,1,0,0,1,1,1,1
2868,59,33,110,90007,3,4.4,1,264,0,0,0,1,0
2869,52,26,31,94923,4,1.8,1,0,0,0,0,1,1
2870,60,35,22,92660,1,1.3,1,80,0,0,0,0,0
2871,43,17,91,95134,1,5.2,1,0,0,1,0,0,0
2873,50,26,23,92630,1,0.3,1,0,0,0,0,0,0
2874,48,23,35,93943,1,0.1,1,0,0,1,0,1,0
2881,64,40,40,96064,2,1.1,1,0,0,0,0,1,0
2888,40,16,109,94025,2,2.2,1,0,0,0,0,1,0
2891,48,24,18,94304,4,0.2,1,0,0,0,0,1,1
2892,59,33,63,90044,1,1.6,1,0,0,0,0,1,1
2897,54,28,81,94720,3,0.8,1,0,0,0,0,0,0
2900,42,18,114,94305,1,0.3,1,0,0,0,0,0,0
2904,58,34,41,95833,3,1.5,1,0,0,0,0,1,1
2905,56,32,190,90032,3,2.2,1,0,1,0,1,1,0
2908,45,20,40,91763,2,1.3,1,0,0,0,0,0,1
2910,35,8,44,94590,2,1.67,2,0,0,1,0,0,1
2915,42,18,42,95929,2,1.7,1,0,0,0,0,1,0
2916,34,9,133,92110,1,3.8,1,0,0,0,0,1,0
2918,55,31,34,94305,3,1.5,1,101,0,0,0,1,0
2919,28,3,142,93727,1,0.8,1,0,0,0,0,1,0
2920,35,10,64,94542,3,2.3,1,0,0,0,1,1,1
2922,50,24,95,91401,1,0.3,1,262,0,0,0,1,0
2924,51,27,12,91007,2,0.2,1,0,0,0,0,0,0
2926,59,35,42,91711,4,0.4,1,0,0,0,0,1,0
2928,43,17,124,94117,1,5.2,1,0,0,0,0,0,0
2929,31,6,175,95005,2,6.7,1,0,0,0,0,1,0
2930,32,6,22,94061,4,0.3,1,0,0,0,0,0,0
2931,41,17,78,95929,4,2.67,1,99,0,0,0,1,0
2933,41,16,154,92407,1,7.0,1,0,0,0,0,0,1
2934,47,22,42,95820,3,2.7,2,0,0,0,0,1,0
2935,37,13,195,91763,2,6.5,1,635,0,0,0,1,0
2938,62,36,89,94022,2,2.0,1,0,0,0,0,1,1
2942,60,35,122,92606,1,2.6,1,352,0,0,0,0,0
2943,29,5,160,90405,1,4.3,1,385,0,0,0,1,0
2947,33,9,145,94110,1,4.3,1,437,0,0,0,1,0
2948,45,21,151,90024,2,3.3,1,328,0,0,0,0,0
2953,33,8,182,94065,1,8.6,1,0,0,0,0,0,0
2954,61,36,78,91330,3,0.5,1,0,0,0,0,1,1
2959,66,41,65,92612,3,2.4,1,0,0,0,0,0,0
2960,38,12,43,94305,4,0.2,1,0,0,0,0,0,0
2965,35,10,73,93943,3,2.3,1,0,0,0,0,1,0
2968,38,14,95,94109,2,1.9,1,0,0,0,0,1,1
2969,44,18,162,90840,4,1.3,1,301,1,0,0,0,0
2974,47,22,82,92084,1,2.9,1,276,0,0,0,1,0
2975,42,18,52,95008,4,1.9,1,0,0,0,0,1,0
2976,57,33,43,91016,3,1.5,1,168,0,0,0,0,1
2978,35,10,161,94109,1,4.1,1,0,0,1,0,1,0
2980,57,32,102,90210,1,2.6,1,0,0,0,0,1,0
2981,25,-1,53,94305,3,2.4,2,0,0,0,0,0,0
2982,53,28,85,92037,1,1.2,1,0,0,0,0,0,0
2983,59,33,111,95120,3,4.4,1,0,0,0,0,1,0
2984,56,32,90,95054,2,0.3,1,0,0,0,0,1,1
2985,54,28,94,92709,2,1.1,1,188,0,0,0,0,0
2989,46,21,205,95762,2,8.8,1,181,0,1,0,1,0
2990,42,18,142,93106,1,3.4,1,496,0,0,0,1,0
2991,49,25,163,94608,2,0.4,1,0,0,1,0,0,0
2992,42,17,113,93014,3,1.0,1,0,0,1,0,1,0
2993,46,21,64,92104,1,2.9,1,0,0,0,0,1,1
2995,50,24,179,94025,1,1.0,1,0,0,0,0,1,0
2997,42,18,103,91367,1,3.33,1,0,1,1,1,1,1
2999,61,35,38,93106,2,0.3,1,0,0,0,0,0,0
3000,60,34,44,94143,1,0.2,1,0,0,0,0,0,1
3001,40,14,164,94720,1,4.3,2,0,1,0,0,0,0
3002,33,7,81,92647,3,1.6,1,0,0,0,0,1,1
3005,33,7,88,94583,3,1.6,1,0,0,0,0,1,1
3006,62,36,148,94111,3,7.0,2,0,1,0,0,1,0
3011,25,1,72,94301,3,0.8,1,0,0,0,0,1,0
3012,55,31,63,95616,3,2.67,1,0,0,0,0,1,0
3013,29,3,172,92373,2,4.5,1,415,0,0,0,1,0
3014,45,21,183,90029,2,1.4,1,0,0,0,0,1,1
3016,44,18,68,92673,4,2.9,1,0,0,1,0,0,1
3018,57,32,68,90041,2,3.7,1,184,0,0,0,0,0
3019,58,32,49,94005,1,1.4,1,99,0,0,0,1,1
3021,44,20,151,95193,1,3.5,1,392,0,0,0,1,0
3022,54,28,159,90245,2,0.5,1,461,0,0,0,1,0
3025,61,35,78,90840,2,2.0,1,0,0,0,0,1,1
3026,58,32,128,94609,2,2.7,1,344,0,0,0,0,0
3027,44,20,81,90254,4,0.8,1,228,0,0,0,0,1
3030,41,17,119,94960,2,6.1,1,263,0,1,0,1,0
3031,50,26,110,94509,3,1.8,2,0,0,0,0,1,0
3035,46,21,38,90024,1,2.4,1,130,0,0,0,1,0
3036,50,24,31,95054,1,0.3,3,0,0,0,0,0,0
3039,34,8,39,92124,4,0.2,1,115,0,0,0,1,0
3041,28,2,33,95814,3,1.0,1,167,0,0,0,1,0
3042,29,5,92,95006,2,0.6,1,0,0,0,0,1,0
3044,47,22,42,91754,3,2.7,2,0,0,0,0,1,1
3047,37,12,63,95630,3,2.3,1,0,0,0,0,1,0
3048,57,33,149,95060,1,4.7,1,0,0,1,0,0,0
3049,63,39,49,90275,1,0.8,1,103,0,0,0,1,0
3050,60,35,125,94720,2,3.9,1,0,0,0,0,0,0
3052,60,35,48,94538,3,1.5,1,0,0,0,0,1,0
3054,28,4,114,92521,2,0.2,1,0,0,0,0,1,0
3058,42,18,45,95616,1,0.7,1,0,0,1,0,1,0
3059,30,4,113,90064,2,0.2,1,0,0,0,0,1,0
3060,61,36,128,94550,1,2.6,1,0,0,0,0,1,0
3065,59,33,83,94701,3,4.4,1,0,0,0,0,1,0
3066,39,15,121,92354,1,3.5,1,368,0,1,0,1,0
3072,32,8,74,93023,4,0.1,2,257,0,0,0,0,1
3074,29,5,149,94611,1,1.5,1,0,0,0,0,1,0
3078,46,21,44,95112,1,0.3,1,110,0,1,0,1,0
3080,55,31,23,95616,2,0.3,1,0,0,0,0,1,1
3084,40,16,78,90720,4,2.4,1,0,0,1,1,1,0
3088,57,33,15,94303,2,0.3,1,0,0,0,0,1,0
3089,56,31,28,94720,1,1.3,1,138,0,0,0,0,1
3090,31,5,23,94110,3,1.0,1,95,0,0,0,0,0
3093,43,18,113,90036,2,0.4,1,325,0,1,0,0,0
3097,43,18,179,94108,3,1.2,1,0,1,1,1,1,0
3100,65,40,115,92647,1,2.5,1,174,0,0,0,0,1
3101,52,27,81,90024,4,3.8,2,0,0,0,0,0,1
3102,55,31,91,93555,2,2.8,1,0,0,0,0,0,0
3103,49,25,30,90095,4,0.9,2,0,0,0,0,0,1
3108,41,17,55,92374,2,1.7,1,0,0,0,0,0,0
3111,44,20,30,95020,4,0.3,1,0,0,0,0,0,1
3116,31,5,111,94305,2,0.2,1,0,0,0,0,0,0
3122,28,2,13,91791,4,0.4,1,0,0,0,0,0,1
3125,45,20,198,95053,2,2.8,1,0,0,0,0,1,1
3126,46,20,18,92521,1,0.2,1,0,0,0,0,1,1
3127,57,32,74,92780,4,0.7,1,0,0,0,0,0,1
3129,38,12,64,94115,2,1.8,1,0,0,0,0,0,0
3133,32,7,83,94302,2,2.5,1,148,0,1,0,1,0
3135,54,30,22,95060,2,0.4,1,89,0,0,0,1,0
3138,61,36,13,91711,3,0.5,1,0,0,0,0,1,0
3139,36,11,103,93555,1,4.6,1,255,0,0,0,1,0
3140,52,26,95,92130,1,0.3,1,0,0,0,0,1,0
3141,33,7,31,94303,4,1.0,1,0,0,0,0,1,1
3142,57,31,131,90405,3,0.6,1,0,1,0,0,1,0
3144,50,24,38,91105,4,0.1,1,0,0,0,0,1,0
3145,43,18,104,91711,3,1.0,1,0,0,0,0,1,0
3150,49,25,25,95192,4,1.0,1,0,0,0,0,1,1
3152,43,19,20,94110,3,0.5,1,0,0,0,0,0,0
3158,23,-1,13,94720,4,1.0,1,84,0,0,0,1,0
3160,57,33,62,92831,3,2.67,1,240,0,0,0,0,0
3162,28,4,88,94024,1,5.4,1,0,0,0,0,1,0
3163,33,7,28,94109,4,0.8,1,0,0,0,0,1,0
3165,28,4,82,95136,4,0.0,1,0,0,0,0,1,1
3166,63,37,140,91711,2,6.9,1,97,0,0,0,0,1
3167,29,4,80,90028,1,0.8,2,0,0,0,0,1,1
3169,51,25,180,94701,1,1.7,1,0,0,0,0,1,0
3173,35,9,23,95670,4,0.3,1,0,0,0,0,0,0
3174,34,10,35,94309,1,1.7,1,0,0,0,0,1,0
3176,43,18,74,92009,4,0.4,1,0,0,0,0,0,0
3177,48,24,14,91330,3,0.4,1,0,0,0,0,1,0
3180,43,17,53,90245,2,0.7,1,130,0,1,0,1,0
3181,27,3,103,92121,2,0.6,1,84,0,0,0,0,0
3182,39,15,109,95827,1,1.7,1,0,0,0,0,1,0
3185,39,15,141,92354,2,8.0,1,0,0,0,0,1,0
3186,35,10,128,92843,1,3.8,1,0,0,0,0,1,0
3187,41,16,98,95192,3,1.0,1,296,0,0,0,0,0
3190,32,6,31,92675,1,0.3,1,0,0,0,0,0,0
3194,31,7,140,95616,1,4.0,1,0,0,0,0,0,1
3196,55,29,35,90007,3,1.4,1,0,0,0,0,0,0
3199,34,9,55,92122,4,2.0,2,147,0,0,0,0,1
3202,28,3,81,92121,4,0.2,1,0,0,0,0,0,0
3203,30,4,25,92173,2,0.3,1,0,0,1,0,1,0
3204,44,20,119,92677,2,7.5,1,239,0,0,0,1,0
3206,59,33,38,92407,1,1.4,1,0,0,0,0,1,1
3208,56,32,84,93407,1,4.3,1,0,0,0,0,1,1
3211,43,19,60,94301,2,2.5,1,0,0,1,0,0,0
3217,34,8,14,95014,4,0.3,1,0,0,0,0,0,0
3218,65,39,94,93022,4,4.1,1,120,1,0,1,1,1
3219,40,16,154,94122,2,6.1,1,325,0,0,0,1,0
3222,40,16,44,93407,1,1.8,1,0,0,1,0,1,0
3227,32,8,82,93943,3,1.5,1,0,0,0,0,1,1
3230,33,9,64,92507,4,3.4,1,0,0,0,0,0,0
3231,65,40,48,94708,3,2.4,1,0,0,0,0,0,1
3234,46,20,111,95037,1,0.0,1,329,0,0,0,0,0
3238,35,9,22,94085,3,0.1,2,0,0,0,1,1,1
3240,30,4,40,90095,1,0.3,1,0,0,0,0,1,0
3241,62,36,63,93407,1,1.6,1,118,0,0,0,1,0
3242,41,15,55,94305,1,2.8,1,0,0,0,0,0,0
3245,48,24,24,92624,4,0.2,1,0,0,0,0,1,0
3247,41,17,81,95422,1,0.8,2,223,0,0,0,1,0
3248,44,20,113,95032,2,3.3,1,0,0,0,0,1,1
3249,31,6,92,92037,2,3.3,1,0,0,0,0,0,0
3250,50,25,81,92806,1,1.2,1,0,0,0,0,0,0
3254,55,30,35,94025,1,1.5,2,118,0,0,0,0,1
3256,34,7,82,95741,4,2.0,2,0,0,0,0,1,1
3260,33,8,54,92251,3,2.3,1,0,0,0,0,0,1
3262,64,40,131,91103,1,3.8,1,0,0,0,0,0,0
3264,32,8,84,92093,4,3.4,1,0,0,0,0,1,0
3268,59,35,21,95818,2,1.0,1,120,0,0,0,1,0
3270,58,34,68,94305,2,2.8,1,113,0,0,0,0,0
3273,35,9,85,92121,2,1.8,1,0,0,0,0,0,0
3274,40,15,180,90095,1,4.1,1,0,0,0,0,0,0
3276,32,8,65,95134,1,1.2,1,268,0,0,0,1,0
3278,43,19,81,92121,2,3.2,1,0,0,0,0,1,0
3279,31,6,132,94571,1,3.8,1,0,0,0,0,1,0
3281,58,33,98,90277,1,2.6,1,0,0,0,0,0,0
3283,45,21,91,95054,1,4.7,1,0,0,0,0,1,0
3289,56,30,140,94122,4,0.5,1,292,1,0,0,0,0
3290,50,25,44,94303,1,0.3,1,187,0,0,0,1,1
3293,25,-1,13,95616,4,0.4,1,0,0,1,0,0,0
3294,44,20,62,94939,2,2.5,1,0,0,1,0,1,0
3299,56,32,11,94110,2,0.3,1,89,0,0,0,0,0
3302,48,22,59,90086,4,2.6,1,0,0,0,0,1,1
3305,42,17,108,95120,3,1.0,1,383,0,0,0,1,0
3307,47,22,65,90840,1,2.4,1,0,0,0,0,1,0
3308,34,10,25,92038,4,1.0,1,0,0,0,0,1,0
3312,49,25,24,95819,1,0.3,1,0,0,0,0,0,0
3313,47,22,190,94550,2,8.8,1,0,0,0,0,0,0
3315,38,13,41,90073,4,1.7,1,0,0,0,0,1,0
3316,48,22,80,94720,3,1.1,1,0,0,0,0,0,0
3319,46,20,105,90089,4,3.2,1,0,1,0,0,0,0
3321,50,25,114,92104,1,0.6,1,0,0,0,0,0,1
3322,41,15,120,94521,1,5.2,1,0,0,0,0,1,0
3324,60,35,20,92110,1,1.3,1,0,0,0,0,1,0
3325,57,31,41,91401,1,1.4,1,0,0,1,0,1,0
3326,48,23,35,93302,2,1.3,1,0,0,0,0,0,0
3329,45,20,22,90230,1,0.1,1,0,0,0,0,0,0
3330,35,10,132,94123,1,3.8,1,82,0,0,0,0,1
3336,35,10,118,92069,2,7.8,1,358,0,0,0,0,0
3339,35,9,43,92037,4,1.2,2,0,0,1,0,1,0
3340,27,1,141,95135,4,5.1,3,354,1,0,0,0,0
3342,35,9,33,91125,2,0.3,1,0,0,1,0,1,0
3345,43,19,110,90639,1,3.4,1,0,0,0,0,0,1
3346,35,11,14,94720,4,1.0,1,0,0,0,1,1,1
3347,41,15,65,92037,2,2.8,1,0,0,0,0,1,1
3352,52,26,191,92121,1,1.7,1,0,0,0,0,1,0
3356,49,23,93,90036,1,2.4,1,0,0,0,0,1,1
3359,59,35,40,94536,4,0.4,1,0,0,0,0,0,0
3361,48,24,133,90740,1,5.0,1,0,0,0,0,0,0
3362,31,5,85,94117,3,1.6,1,87,0,0,0,1,1
3364,58,34,54,93003,4,1.3,2,0,0,0,0,1,0
3367,33,9,152,90024,1,6.0,1,0,0,0,0,1,1
3373,55,29,81,94928,4,4.9,1,209,0,0,0,1,0
3377,46,21,170,95136,2,2.8,1,0,0,0,0,0,0
3382,39,15,143,91711,1,3.5,1,0,0,0,0,1,1
3383,62,36,103,92182,2,2.8,1,0,0,1,1,1,0
3384,46,22,135,95135,3,4.1,1,213,1,0,0,1,0
3385,36,11,162,94583,1,8.6,1,153,0,1,0,1,0
3386,42,17,73,90089,4,0.4,1,0,0,1,0,0,0
3389,45,21,115,91320,2,3.3,1,85,0,0,0,1,0
3390,27,3,88,92182,3,0.8,1,238,0,0,0,0,0
3393,32,7,58,92612,1,1.0,1,0,0,0,0,1,0
3394,37,11,81,95123,3,0.9,2,0,0,0,0,1,1
3397,52,28,65,93106,1,0.0,1,0,0,0,0,1,1
3398,31,6,170,94010,2,6.7,1,137,0,0,0,1,0
3409,45,21,71,90029,4,1.9,1,0,0,0,0,1,0
3412,63,37,118,94010,1,2.0,1,427,0,0,0,0,0
3413,55,29,79,90029,4,4.9,1,0,0,0,0,0,0
3415,61,36,18,95010,1,1.3,1,0,0,0,0,0,0
3416,36,12,93,90720,2,2.2,1,0,0,0,0,1,1
3420,35,10,34,95503,4,1.7,1,87,0,0,0,1,1
3422,49,23,125,90245,1,2.4,1,0,0,0,0,0,1
3426,23,-1,12,91605,4,1.0,1,90,0,0,0,1,0
3428,39,15,175,94080,2,8.0,1,0,0,0,0,1,0
3431,64,38,32,90291,2,0.3,1,0,0,0,0,1,1
3433,47,23,32,95370,1,1.0,1,0,0,0,0,0,1
3434,34,9,60,94306,4,1.3,1,0,0,1,0,0,0
3436,33,8,58,92037,4,1.3,1,0,0,1,0,0,0
3437,56,29,42,92104,4,2.5,2,0,0,0,0,0,0
3439,43,17,72,94806,1,2.8,1,271,0,0,0,1,0
3440,43,17,80,95020,3,0.1,1,0,0,0,1,1,1
3441,26,1,39,95133,4,0.6,2,0,0,0,0,0,1
3444,44,18,54,90639,1,2.8,1,202,0,0,0,0,0
3445,60,35,128,93101,1,0.9,1,0,0,0,0,1,0
3447,56,32,120,90232,1,7.4,1,186,0,0,0,1,0
3450,57,32,135,90095,3,4.8,2,0,1,1,1,1,0
3455,47,21,132,92120,1,0.3,1,0,0,0,0,1,0
3456,43,19,28,93010,3,0.5,1,0,0,0,0,1,1
3458,55,31,91,94110,2,2.8,1,0,0,0,0,1,0
3459,48,23,191,95053,2,2.8,1,231,0,0,0,0,1
3463,58,33,28,94608,2,0.5,2,146,0,1,0,1,0
3464,28,3,149,92121,1,0.8,1,0,0,0,0,1,0
3465,61,37,172,92612,4,4.25,1,0,1,0,1,1,1
3470,26,2,79,95630,2,2.5,1,0,0,0,0,1,0
3471,57,31,175,90503,2,0.5,1,429,0,0,0,1,1
3474,59,34,52,92173,4,0.7,1,0,0,1,0,0,0
3476,54,30,13,92037,1,0.3,1,0,0,0,0,0,0
3477,65,39,141,90280,2,6.9,1,0,0,1,0,1,0
3478,34,10,131,94024,2,4.33,1,156,0,0,0,1,1
3480,31,6,64,94720,2,2.5,1,0,0,0,0,1,0
3481,64,39,49,94591,2,1.5,1,0,0,1,0,1,0
3483,57,33,91,95133,1,4.3,1,81,0,1,0,0,0
3484,60,36,195,90066,1,4.7,1,0,0,0,0,1,0
3487,25,1,20,92806,4,1.0,1,0,0,0,0,0,1
3490,36,12,154,91320,3,6.4,1,0,1,1,0,0,0
3491,33,9,38,95814,1,1.33,1,115,0,0,0,0,0
3492,51,27,12,92697,2,0.4,1,0,0,0,0,0,1
3498,55,31,134,92130,2,0.3,1,0,0,0,0,0,0
3500,49,23,114,94550,1,0.3,1,286,0,0,0,1,0
3503,32,8,58,95616,3,2.0,1,90,0,0,0,1,0
3513,46,20,70,90405,4,2.9,1,0,0,0,0,0,1
3516,50,26,148,94143,2,0.4,1,508,0,0,0,0,0
3519,60,36,129,95039,2,6.0,1,0,0,0,0,0,0
3524,29,4,150,91302,1,0.8,1,0,0,0,0,0,1
3530,33,7,25,94132,4,1.0,1,0,0,0,0,1,1
3533,38,12,141,94022,2,0.0,1,0,0,0,0,1,1
3534,57,32,50,94545,4,2.1,1,211,0,0,0,0,0
3535,34,10,61,95006,3,2.0,1,0,0,0,0,0,1
3536,52,27,65,92104,1,1.2,1,0,0,0,0,1,1
3537,50,24,112,94005,1,0.3,1,229,0,0,0,0,0
3541,39,15,30,94305,4,0.3,1,0,0,1,0,0,1
3542,45,20,144,92106,4,5.4,1,210,1,0,0,1,0
3544,37,11,194,94303,2,0.0,1,0,0,0,0,0,0
3545,45,19,109,92037,3,1.1,1,0,0,0,0,0,0
3546,48,22,174,95827,1,2.4,1,0,0,0,0,1,0
3550,33,7,92,90840,3,1.6,1,0,0,0,0,0,0
3554,41,16,155,95070,1,7.0,1,0,0,0,0,0,0
3557,35,11,30,94303,1,1.7,1,0,0,1,0,0,1
3558,46,20,54,90755,4,2.9,1,189,0,0,0,1,1
3559,60,34,60,94065,3,2.5,1,0,0,0,0,1,0
3563,32,8,169,94596,1,6.5,3,272,1,1,1,1,0
3567,57,33,80,92064,2,2.8,1,0,0,0,0,1,1
3569,30,4,194,93407,2,4.5,1,0,0,0,0,0,1
3572,42,18,153,93955,3,5.6,1,416,1,0,0,0,0
3574,60,36,165,90095,3,5.6,1,0,1,0,0,0,1
3583,49,25,65,92354,1,0.0,1,0,0,0,0,1,0
3587,40,15,132,94131,2,3.9,1,0,0,0,0,1,0
3591,32,7,64,92630,2,0.1,1,0,0,0,0,1,1
3594,60,34,44,90018,2,0.3,1,192,0,0,0,1,0
3595,34,8,79,95616,1,2.5,1,0,0,0,0,1,0
3597,44,20,88,94720,1,4.7,1,0,0,0,0,0,0
3603,47,21,42,95841,4,0.1,1,0,0,0,0,1,1
3604,51,25,45,92407,4,0.1,1,0,0,0,0,1,1
3609,59,35,202,94025,1,4.7,1,553,0,0,0,0,0
3610,29,5,162,94022,1,4.3,1,0,0,0,0,0,1
3611,32,6,93,90029,3,1.6,1,79,0,0,0,1,0
3612,64,39,145,92705,1,0.9,1,0,0,0,0,0,0
3613,50,25,99,90245,1,4.6,1,368,1,1,1,0,1
3616,58,34,149,95616,2,6.0,1,0,0,0,0,1,1
3618,37,11,30,94304,2,0.3,1,146,0,0,0,0,0
3621,53,29,132,95020,2,0.3,1,403,0,0,0,0,0
3626,47,21,71,92037,4,2.9,1,0,0,0,0,1,0
3628,27,1,83,90034,2,0.2,1,0,0,0,0,0,1
3629,42,18,131,94949,1,3.4,1,0,0,0,0,0,1
3630,50,26,82,95051,1,0.0,1,0,0,0,0,1,1
3633,46,20,111,95307,2,6.3,1,0,0,0,0,0,1
3634,51,25,93,90048,1,0.3,1,0,0,0,0,1,0
3638,39,14,104,94608,3,1.0,1,242,0,0,0,1,0
3640,51,26,191,94063,1,8.1,1,0,0,1,0,1,0
3645,59,33,41,91711,4,2.5,1,174,0,0,0,0,0
3654,52,27,32,92521,2,2.0,2,0,0,0,0,0,1
3655,53,28,61,94061,4,0.9,1,177,0,0,0,0,0
3656,48,22,125,90086,1,2.4,1,0,0,0,0,1,0
3659,60,35,24,92612,1,0.1,1,0,0,0,0,0,0
3663,35,9,164,94305,2,0.0,1,500,0,0,0,0,0
3664,26,2,60,94111,4,1.6,1,0,0,0,1,1,1
3666,43,19,70,91711,3,2.33,1,0,0,1,0,0,0
3667,60,35,51,94143,2,2.8,1,0,0,0,0,1,0
3668,27,3,59,94590,4,1.6,1,0,0,0,0,1,0
3674,34,9,65,95134,4,1.3,1,0,0,0,0,0,1
3675,42,16,38,93437,1,0.2,1,0,0,1,0,0,0
3676,60,34,110,92126,2,2.0,1,0,0,0,0,1,0
3678,59,33,43,94234,2,0.3,1,0,0,0,0,0,1
3679,49,25,30,92093,4,0.6,1,0,0,0,0,0,0
3680,49,23,134,90095,2,6.3,1,0,0,0,0,1,0
3681,36,11,32,90064,3,1.3,1,0,0,0,0,0,0
3682,33,9,139,95054,1,4.3,1,0,0,0,0,0,0
3683,43,17,45,95051,2,0.7,1,0,0,0,0,0,0
3684,53,27,62,95070,3,3.0,2,0,0,1,0,0,0
3687,60,35,122,92521,1,1.3,1,0,0,0,0,0,0
3688,34,10,45,93943,1,1.33,1,0,0,0,0,0,0
3689,51,26,179,90245,1,8.1,1,0,0,1,0,1,0
3690,36,12,64,94708,3,2.8,1,205,0,0,0,0,1
3691,63,39,41,95449,2,1.1,1,0,0,0,0,0,0
3693,57,33,64,94132,4,2.2,1,0,0,0,0,1,0
3697,31,5,78,94309,2,0.2,1,0,0,0,0,0,1
3701,48,22,128,94608,1,5.7,1,0,0,1,0,0,0
3702,58,33,95,90503,1,2.6,1,0,0,0,0,1,0
3706,30,4,30,91770,3,1.0,1,0,0,0,0,1,0
3712,27,1,20,94720,4,0.4,1,99,0,0,0,1,0
3713,50,25,112,92154,1,0.6,1,0,0,0,0,0,0
3716,29,5,124,92037,2,0.2,1,0,0,0,0,0,1
3717,55,29,65,91773,3,2.5,1,0,0,0,0,0,0
3720,33,8,53,92126,3,2.3,1,76,0,0,0,1,0
3722,32,6,13,91040,4,0.3,1,0,0,1,1,1,1
3723,42,17,60,93118,1,2.4,1,98,0,0,0,1,0
3728,56,30,31,94117,2,0.3,1,109,0,1,1,1,1
3730,43,17,82,94040,3,0.1,1,0,0,0,0,1,0
3731,30,6,112,92093,3,2.5,1,0,0,0,0,1,0
3736,40,14,78,91103,1,5.2,1,0,0,0,0,1,0
3739,54,28,45,95008,3,1.4,1,0,0,0,0,0,1
3740,39,14,80,90502,2,0.4,1,0,0,0,0,0,0
3741,59,35,174,92660,1,4.7,1,0,0,0,0,1,1
3743,32,8,181,94596,1,6.0,1,0,0,0,1,1,1
3746,27,3,119,90640,1,5.4,1,118,0,0,0,1,0
3750,43,19,70,90095,3,2.33,1,0,0,0,0,1,0
3751,57,32,52,90266,3,0.5,2,0,0,0,0,1,0
3752,26,2,12,94591,4,1.0,1,0,0,0,0,1,0
3757,35,11,83,92122,2,2.2,1,0,0,0,0,0,0
3759,47,23,199,94720,2,6.67,1,0,0,0,0,1,0
3763,53,27,84,95616,2,1.1,1,0,0,0,0,1,0
3764,62,36,81,95051,3,4.4,1,0,0,0,0,0,1
3765,63,37,15,94720,2,0.4,1,0,0,0,0,0,0
3768,40,16,83,95819,4,2.67,1,0,0,0,0,1,1
3770,29,4,134,90095,2,3.3,1,204,0,0,0,0,0
3771,40,16,75,94306,3,2.33,1,79,0,0,0,0,0
3773,35,10,152,94112,2,3.0,1,0,0,0,0,1,0
3778,62,37,98,94706,1,0.9,1,151,0,0,0,1,0
3780,53,27,64,93407,4,2.6,1,0,0,0,0,1,1
3781,49,25,109,92780,2,6.8,1,0,0,0,0,0,0
3782,65,40,118,94104,1,1.3,1,333,0,0,1,1,1
3786,54,28,83,95841,1,2.4,1,0,0,0,0,1,0
3787,54,28,90,91301,1,0.3,1,0,0,0,0,1,0
3788,37,12,28,95616,4,1.7,1,0,0,1,1,1,0
3789,32,7,82,95616,2,2.5,1,221,0,0,0,1,1
3790,51,27,24,94301,3,0.4,1,0,0,0,0,1,1
3791,46,22,71,92029,2,1.7,1,0,0,0,0,1,1
3792,41,17,80,91330,1,0.3,1,0,0,0,0,0,0
3794,54,28,140,91711,1,2.9,1,0,0,0,0,1,0
3796,51,25,39,94010,1,1.2,2,98,0,0,0,1,0
3798,61,35,31,92521,2,0.3,1,0,0,0,0,1,0
3800,37,11,44,93109,4,0.2,1,0,0,0,0,0,1
3802,34,8,20,95616,2,0.3,1,106,0,0,0,1,1
3805,47,22,203,95842,2,8.8,1,0,0,0,0,1,0
3806,29,5,84,93109,3,0.8,1,0,0,0,0,0,0
3807,34,8,41,92096,4,0.8,1,0,0,0,0,0,0
3808,36,11,164,95051,2,7.8,1,0,0,0,0,1,1
3809,34,10,152,90089,2,6.5,1,0,0,0,0,0,0
3810,26,2,62,94080,4,1.6,1,0,0,1,0,0,0
3811,48,24,12,94707,4,1.0,1,89,0,0,0,0,0
3812,47,23,28,94061,4,0.6,1,0,0,0,0,1,0
3813,39,13,52,94720,1,2.0,1,0,0,0,0,0,1
3815,34,9,35,94304,3,1.3,1,0,0,0,0,0,0
3816,43,19,28,95053,4,0.3,1,96,0,0,0,1,0
3818,65,40,140,92093,1,0.9,1,0,0,0,0,0,0
3821,32,7,61,94102,3,2.3,1,205,0,0,0,1,1
3825,23,-1,12,95064,4,1.0,1,0,0,1,0,0,1
3826,30,6,69,94305,4,3.4,1,188,0,0,0,0,1
3827,43,19,132,90089,1,5.0,1,0,0,0,0,0,0
3828,39,14,128,93943,2,3.9,1,196,0,0,0,1,0
3829,31,6,44,95616,4,0.8,1,122,0,0,0,1,0
3832,37,12,132,90089,2,3.9,1,0,0,0,0,0,0
3833,62,38,158,90230,2,2.1,1,0,0,0,0,0,1
3834,33,9,83,93943,1,0.1,1,0,0,0,0,1,0
3839,37,11,71,94501,2,1.8,1,127,0,1,0,0,0
3841,56,31,35,95211,3,0.1,2,114,0,0,0,0,0
3842,30,4,81,94305,2,0.2,1,0,0,0,0,1,0
3843,61,35,91,95136,2,2.0,1,0,0,0,0,1,0
3845,51,27,75,95828,1,2.7,1,0,0,0,0,0,0
3847,31,5,43,94720,1,1.5,1,0,0,0,0,0,0
3851,48,23,15,94061,4,0.8,1,0,0,0,0,1,0
3856,42,18,143,95630,1,1.7,1,0,0,1,0,1,0
3861,31,6,64,92121,2,0.1,1,0,0,0,0,1,1
3863,60,34,64,94104,3,2.5,1,0,0,0,0,1,0
3866,56,30,64,93105,3,2.5,1,0,0,0,0,0,0
3867,51,25,40,91401,4,1.8,1,0,0,1,0,0,1
3868,44,19,61,94080,3,2.7,2,0,0,0,0,0,0
3872,40,16,125,91304,2,1.9,1,0,0,0,0,0,1
3875,36,12,92,94709,2,0.0,1,184,0,0,0,0,0
3876,26,2,119,95351,2,0.6,1,381,0,0,0,1,1
3878,29,4,41,93105,1,1.0,1,0,0,0,0,0,0
3879,35,11,81,92064,2,0.0,1,0,0,0,0,1,1
3880,28,4,101,95136,3,2.5,1,270,0,0,0,0,0
3888,24,-2,118,92634,2,7.2,1,0,0,1,0,1,0
3893,59,33,102,91763,2,1.4,1,0,0,0,0,1,0
3895,32,6,44,92886,1,0.3,1,81,0,0,0,1,1
3896,36,12,59,94104,3,2.0,1,216,0,0,0,0,0
3897,48,24,224,93940,2,6.67,1,0,0,0,1,1,1
3899,44,20,129,96001,2,3.3,1,0,0,0,0,1,0
3900,60,34,43,92697,1,1.4,1,0,0,0,0,1,1
3901,51,27,12,92834,3,0.4,1,0,0,1,1,1,1
3904,47,23,65,93943,1,0.0,1,0,0,0,0,0,0
3908,40,14,42,91330,2,0.3,1,187,0,0,0,1,0
3910,33,7,111,90245,2,1.3,1,0,0,0,0,1,0
3911,33,8,62,94596,1,1.0,1,0,0,0,0,1,0
3916,38,13,91,92037,1,2.8,1,0,0,0,0,1,1
3917,50,26,12,92121,1,0.2,1,96,0,0,0,0,0
3918,41,15,89,94608,3,0.1,1,292,0,0,0,1,0
3922,30,6,48,95812,1,1.2,1,0,0,0,0,1,0
3923,31,4,20,95616,4,1.5,2,0,0,0,0,1,0
3925,61,37,122,94609,2,6.0,1,0,0,0,0,1,0
3927,48,23,43,94301,2,1.3,1,0,0,0,0,1,0
3928,59,34,38,90291,4,1.7,1,0,0,0,0,0,1
3929,57,33,61,92115,3,2.67,1,0,0,0,0,1,0
3931,53,27,145,95605,1,2.9,1,345,0,0,0,0,0
3932,53,27,170,95003,1,1.0,1,0,0,0,0,1,0
3935,35,11,68,94923,2,0.0,1,126,0,0,0,0,1
3936,59,33,53,90034,3,2.5,1,0,0,0,0,1,0
3938,39,15,123,91604,2,2.2,1,92,0,0,0,0,1
3939,49,24,13,95929,2,0.0,1,0,0,0,0,1,0
3940,47,23,12,92110,4,0.2,1,102,0,0,0,0,1
3941,41,17,53,93727,2,2.5,1,102,0,0,0,1,0
3944,61,36,188,91360,1,9.3,2,0,1,0,0,0,0
3949,37,12,123,94304,4,3.1,2,253,1,0,1,1,1
3952,40,14,69,92870,3,2.1,1,106,0,0,0,1,0
3953,61,36,124,94611,2,3.9,1,0,0,1,0,0,1
3955,32,7,134,93108,2,3.1,1,0,0,0,0,0,0
3960,43,19,123,91107,3,1.3,1,0,1,0,0,1,0
3961,62,37,48,92028,3,2.2,1,0,0,0,0,0,0
3962,48,22,145,95482,1,0.3,1,140,0,0,0,1,0
3966,39,15,94,91941,2,1.9,1,0,0,0,0,1,0
3969,28,3,78,93108,4,0.2,1,0,0,0,0,1,1
3971,65,40,71,95060,3,2.2,1,0,0,0,0,0,1
3973,29,5,112,94998,2,4.33,1,0,0,0,0,1,1
3978,54,27,51,94309,3,1.0,2,113,0,1,1,1,1
3980,38,14,90,93010,2,0.0,1,258,0,1,1,1,1
3982,64,39,22,92691,3,0.5,1,0,0,1,1,1,1
3983,24,0,119,94566,1,1.5,1,0,0,0,0,1,0
3985,34,8,18,95741,4,0.3,1,0,0,0,0,0,0
3991,57,32,59,95014,2,3.7,1,134,0,0,0,1,0
3992,64,38,84,94571,1,2.0,1,0,0,0,0,0,0
3995,42,18,88,92675,4,0.8,1,0,0,0,0,1,1
3999,34,10,41,94102,1,1.33,1,0,0,0,0,0,1
4003,59,34,60,94015,2,2.8,1,0,0,0,0,1,0
4006,56,32,32,95827,2,0.8,1,79,0,1,0,1,0
4010,42,18,189,91605,2,7.6,1,0,0,0,0,1,0
4013,30,6,124,91320,2,0.6,1,0,0,0,0,1,0
4015,56,32,23,94720,4,0.7,1,0,0,0,0,1,1
4016,25,-1,139,93106,2,2.0,1,0,0,0,0,0,1
4017,53,28,173,91614,4,2.7,1,427,1,0,0,1,0
4019,59,35,161,94301,1,2.9,1,160,0,0,0,0,1
4022,40,14,42,90638,2,0.3,1,106,0,0,0,0,1
4024,51,25,175,90089,3,0.7,1,312,1,0,0,0,0
4025,41,15,82,94720,3,0.1,1,0,0,0,0,1,0
4027,27,1,142,92038,3,5.5,1,0,1,0,0,0,0
4029,46,20,64,94117,4,2.9,1,189,0,0,0,0,0
4030,31,5,90,94301,2,1.3,1,0,0,1,0,1,0
4033,59,35,93,94301,2,1.6,1,0,0,0,0,0,1
4038,52,28,72,91335,1,0.0,1,178,0,0,0,0,0
4039,55,30,54,91367,3,1.7,1,0,0,0,0,1,0
4040,34,9,104,92152,1,4.6,1,0,0,0,0,1,1
4042,45,19,40,95060,1,0.2,1,0,0,1,1,1,1
4043,29,3,190,92612,2,4.5,1,246,0,0,0,1,1
4044,49,23,64,94588,4,2.6,1,0,0,0,0,1,1
4048,43,17,82,94114,1,5.2,1,79,0,0,0,1,0
4052,55,29,162,93105,1,2.9,1,0,0,0,0,1,1
4053,43,19,54,94608,2,1.7,1,0,0,0,0,1,0
4054,35,11,90,94720,2,0.0,1,0,0,0,0,0,0
4055,59,34,64,94116,4,1.7,1,0,0,0,0,0,0
4057,51,25,113,91320,2,6.3,1,0,0,0,0,0,0
4061,31,6,174,93023,2,6.7,1,0,0,0,0,1,1
4063,38,14,43,95053,2,1.7,1,0,0,0,0,1,0
4066,44,19,68,94305,1,3.7,3,0,0,0,0,1,0
4068,52,28,21,94025,4,0.5,2,0,0,0,0,1,0
4070,56,32,31,94596,4,1.3,1,0,0,0,0,0,0
4071,58,33,70,94720,4,0.7,1,0,0,1,0,0,0
4074,51,27,19,92120,1,0.2,1,0,0,0,0,0,0
4076,30,4,40,90601,4,0.8,1,0,0,0,0,1,0
4080,65,40,75,90036,3,2.2,1,0,0,0,0,1,0
4084,46,20,99,94302,3,1.1,1,0,0,0,0,0,0
4087,50,26,11,93106,4,0.2,1,0,0,1,0,0,0
4092,32,6,122,94025,2,1.3,1,0,0,0,0,1,1
4093,40,15,171,94539,2,3.3,1,0,0,0,0,1,0
4096,42,17,59,94105,4,0.4,1,0,0,0,0,1,0
4097,38,14,49,90740,3,2.8,1,0,0,0,0,0,0
4098,60,34,92,95670,2,2.0,1,0,0,0,0,0,0
4099,27,3,75,90032,4,0.0,1,0,0,0,0,0,0
4100,61,35,60,92831,1,2.8,2,0,0,0,0,1,1
4103,41,16,81,94305,2,0.4,1,146,0,0,0,1,1
4105,38,14,25,95616,4,1.0,1,0,0,0,0,0,0
4106,39,15,139,91801,1,3.4,1,353,0,0,0,1,0
4108,47,22,81,94123,1,2.9,1,0,0,0,0,0,1
4109,64,39,73,94025,3,2.2,1,0,0,1,0,0,1
4111,66,41,59,95617,3,2.4,1,0,0,0,0,0,0
4112,43,17,21,95351,3,1.5,1,0,0,0,0,0,0
4113,34,9,65,95014,3,0.7,2,104,0,0,0,1,0
4117,24,-2,135,90065,2,7.2,1,0,0,0,0,1,0
4119,40,16,34,93561,1,0.7,1,0,0,0,0,1,1
4123,56,30,195,90089,1,2.9,1,0,0,0,0,0,0
4124,50,24,40,93460,4,2.6,1,89,0,0,0,1,0
4130,29,3,10,91320,4,0.4,1,87,0,0,0,1,1
4133,61,36,133,90266,1,2.6,1,0,0,0,0,1,0
4134,41,17,129,94720,1,3.4,1,0,0,0,0,0,1
4136,48,23,168,95929,2,2.8,1,308,0,0,0,1,0
4139,47,22,114,95819,1,0.6,1,0,0,1,1,1,1
4144,55,31,20,94720,2,0.3,1,0,0,0,0,1,0
4145,47,23,138,91367,2,3.3,1,0,0,0,0,1,1
4152,44,18,123,95841,3,5.9,1,0,1,0,1,1,1
4154,50,26,148,94608,2,6.8,1,0,0,0,0,1,0
4157,37,12,193,92780,1,8.6,1,0,0,0,0,0,0
4159,59,34,74,92780,4,0.7,1,0,0,0,0,1,1
4163,61,37,41,94704,1,0.8,1,0,0,0,0,1,1
4169,60,34,139,95020,4,0.4,1,0,1,0,0,1,0
4171,31,7,44,93561,1,1.2,1,0,0,0,0,1,1
4174,35,9,43,93943,2,0.3,1,0,0,0,0,1,0
4176,42,17,154,93955,3,4.9,1,0,1,0,1,1,1
4179,59,35,88,91311,2,1.6,1,278,0,0,0,0,0
4184,41,17,140,94542,1,3.5,1,342,0,0,0,0,0
4186,26,2,82,91950,2,2.5,1,199,0,0,0,0,0
4187,33,9,10,90005,4,1.0,1,81,0,0,0,0,1
4188,30,5,109,94305,4,2.2,2,103,0,0,0,0,1
4193,50,26,21,91768,1,0.2,1,89,0,0,0,1,0
4194,62,37,31,95008,3,0.2,1,0,0,0,0,1,0
4199,61,36,50,96003,4,1.7,1,189,0,0,0,1,0
4201,43,19,74,94035,4,1.9,1,0,0,0,0,0,1
4202,61,36,89,93109,3,0.5,1,0,0,0,0,1,0
4206,61,36,139,95133,2,3.9,1,0,0,0,0,0,0
4207,48,23,29,93711,1,1.3,2,0,0,0,0,0,0
4208,37,11,51,93305,3,2.1,1,0,0,0,0,1,1
4215,46,22,89,94303,1,2.7,1,0,0,1,1,1,1
4226,43,18,204,91902,2,8.8,1,0,0,0,0,1,0
4227,37,13,45,94591,1,1.8,1,0,0,0,0,0,0
4228,32,7,111,90277,1,3.8,1,0,0,1,0,0,0
4231,62,36,115,92093,2,2.8,1,202,0,0,0,1,1
4233,39,15,53,94116,1,1.8,1,0,0,0,0,0,0
4234,32,7,134,95929,2,3.3,1,0,0,0,0,1,0
4236,27,1,91,92173,2,0.2,1,0,0,0,0,1,0
4237,37,12,128,91342,2,3.9,1,0,0,0,0,1,1
4238,60,34,78,90401,3,4.4,1,0,0,1,0,0,0
4239,43,19,161,92093,2,7.6,1,464,0,0,0,1,0
4241,39,14,161,95064,1,4.1,1,509,0,1,0,0,0
4244,46,22,74,94550,3,0.7,1,0,0,0,0,1,0
4246,44,20,145,90630,1,3.5,1,0,0,0,0,0,1
4249,58,33,138,90720,2,3.9,1,0,0,1,0,1,0
4253,54,29,81,91107,1,0.1,3,0,0,0,0,0,0
4256,59,35,78,90095,2,2.8,1,0,0,0,0,1,0
4257,41,17,165,91311,2,7.6,1,157,0,0,0,0,0
4261,57,31,52,94105,1,1.4,1,0,0,0,0,1,0
4262,53,28,18,92507,4,0.8,1,0,0,0,0,0,0
4263,58,33,42,92093,4,1.7,1,0,0,0,0,0,0
4265,57,31,40,94304,2,0.3,1,0,0,1,1,1,1
4267,42,16,11,94015,1,0.2,1,87,0,0,0,0,1
4270,47,23,12,92518,4,0.5,2,0,0,0,0,0,0
4271,45,19,19,93117,3,1.5,1,94,0,0,0,1,1
4272,25,1,150,92507,1,6.33,1,0,0,0,0,0,0
4276,63,38,102,95616,4,3.4,2,0,0,0,0,0,0
4277,50,24,155,92717,1,7.3,1,0,0,0,0,1,1
4278,40,16,138,92612,1,3.5,1,0,0,0,0,1,0
4279,56,31,51,92028,3,1.7,1,0,0,0,0,1,1
4281,42,18,135,95136,2,3.3,1,0,0,1,1,1,1
4285,38,13,173,94305,2,3.3,1,243,0,0,0,0,0
4286,23,-3,149,93555,2,7.2,1,0,0,0,0,1,0
4287,53,29,20,93955,1,0.2,1,131,0,0,0,1,1
4288,54,28,42,95207,4,2.5,1,0,0,0,0,1,1
4292,46,21,34,90034,1,0.1,1,124,0,0,0,1,0
4294,63,38,41,90034,2,1.5,1,173,0,0,0,1,1
4295,58,34,150,92110,1,7.4,1,481,0,0,0,1,0
4297,35,9,84,94709,4,2.2,2,0,0,0,0,1,0
4298,33,9,73,92110,4,3.4,1,140,0,0,0,1,0
4299,43,19,122,93106,1,0.3,1,0,0,0,0,1,0
4302,49,24,130,92677,4,1.1,1,281,1,0,1,1,0
4304,45,21,134,94550,2,3.3,1,0,0,0,0,1,1
4307,35,11,41,92123,3,2.0,1,0,0,0,0,1,0
4309,44,20,132,94115,3,2.6,1,308,1,0,0,0,0
4317,30,6,95,91950,2,0.2,1,0,0,1,0,1,0
4320,63,38,85,91320,4,0.1,2,0,0,0,0,0,1
4321,40,15,143,94801,1,4.1,1,0,0,0,0,1,0
4323,38,14,44,91320,2,1.7,1,0,0,0,0,0,0
4325,49,24,13,94538,4,0.8,1,111,0,0,0,1,0
4326,59,35,52,95616,4,1.5,1,0,0,0,0,1,1
4332,61,37,158,94720,2,6.0,1,306,0,1,1,1,1
4334,51,26,59,90095,1,1.2,1,139,0,0,0,1,0
4336,36,10,82,94542,2,2.8,1,0,0,0,0,0,1
4339,54,30,121,92121,2,0.4,1,0,0,0,0,1,0
4340,35,11,38,95518,1,1.7,1,0,0,0,0,0,1
4341,34,10,92,90024,2,2.7,1,0,0,1,1,0,1
4343,32,7,45,93611,3,2.3,1,83,0,1,0,1,0
4345,53,28,181,95051,1,8.1,1,0,0,0,0,1,0
4347,45,21,33,94970,3,0.5,1,136,0,0,1,1,1
4348,58,33,22,90024,3,0.2,1,0,0,0,0,1,0
4349,59,33,99,92093,2,2.7,1,0,0,0,0,0,0
4353,40,16,59,94305,4,2.67,1,0,0,0,0,1,0
4355,40,16,140,93940,3,5.6,1,0,1,0,0,0,0
4357,43,19,35,90630,1,0.7,1,0,0,0,0,0,0
4358,39,14,141,93302,4,6.3,1,0,1,1,1,1,1
4360,38,12,58,95054,2,2.8,1,0,0,0,0,1,0
4361,67,43,41,90024,2,1.1,1,0,0,0,0,0,0
4366,26,2,85,95020,2,2.5,1,0,0,0,0,0,0
4368,40,15,149,90250,2,3.9,1,319,0,0,0,1,1
4369,31,7,25,93943,2,1.0,2,0,0,1,1,1,1
4374,30,6,139,94501,1,4.3,1,0,0,0,0,1,0
4375,39,15,62,93955,3,2.33,1,131,0,0,1,1,1
4376,34,10,51,90032,3,2.0,1,130,0,0,0,0,0
4377,40,15,71,93950,3,3.0,1,272,0,0,0,1,0
4382,33,8,39,94542,4,0.8,1,0,0,0,0,1,0
4384,28,4,85,94709,3,2.5,1,0,0,0,0,1,0
4387,53,27,122,94305,1,2.4,1,330,0,0,0,0,0
4389,47,21,123,90840,1,7.3,1,0,0,0,0,0,0
4390,58,32,40,90057,1,1.6,1,0,0,1,1,1,1
4391,52,26,62,95134,4,2.8,2,0,0,0,0,1,0
4392,46,22,113,94105,2,3.3,1,0,0,0,0,0,1
4394,24,0,59,95521,4,1.6,1,0,0,0,0,0,0
4398,48,23,19,90058,1,0.1,1,0,0,0,0,1,0
4400,48,23,21,94904,1,0.1,1,0,0,0,0,0,0
4401,34,10,44,94143,1,1.33,1,0,0,0,0,1,0
4402,60,35,42,91902,3,1.5,1,0,0,0,0,0,1
4404,50,24,112,92064,1,0.0,1,0,0,0,0,0,0
4408,37,13,71,90755,2,1.7,2,0,0,0,0,1,1
4411,39,14,153,91614,2,3.0,1,0,0,0,0,0,0
4415,33,8,178,94720,3,8.5,1,0,1,1,1,1,0
4416,60,35,65,90245,2,1.5,1,220,0,0,0,0,1
4417,49,25,8,94720,1,0.3,1,97,0,0,0,0,0
4418,54,28,92,92374,2,1.1,1,0,0,0,0,1,0
4419,59,34,145,95125,4,1.8,1,198,1,0,0,1,0
4421,62,38,149,92130,1,4.7,1,0,0,0,0,1,0
4427,33,8,140,95814,1,4.6,1,0,0,0,0,1,0
4429,51,27,12,95818,4,1.0,1,0,0,1,0,1,0
4430,55,29,140,94720,2,2.7,1,0,0,0,0,1,0
4432,38,12,60,92806,2,1.8,1,0,0,0,0,1,0
4436,46,21,34,90840,2,1.3,1,116,0,0,0,0,0
4438,63,38,63,92507,2,1.5,1,0,0,0,0,1,0
4444,38,14,48,90034,1,1.8,1,169,0,0,0,0,0
4445,36,10,73,95035,2,2.8,1,0,0,0,0,1,1
4446,49,25,135,90064,2,1.4,1,82,0,0,0,1,1
4451,44,20,45,94111,2,2.5,1,0,0,0,0,1,0
4452,67,41,18,92130,2,0.4,1,0,0,0,0,1,0
4457,29,3,35,94040,2,0.3,1,88,0,0,1,1,1
4460,32,8,115,90064,1,4.0,1,0,0,0,0,0,0
4461,47,22,78,92093,1,0.2,2,0,0,0,0,1,0
4463,33,7,39,95630,4,0.8,1,0,0,0,0,1,1
4464,39,13,69,94123,3,0.1,1,0,0,0,0,0,0
4465,60,35,29,93943,3,0.2,1,79,0,0,0,1,1
4467,34,10,60,90071,3,2.8,1,0,0,0,1,1,1
4469,67,42,51,94117,3,2.2,1,0,0,0,0,1,1
4471,44,20,111,91911,2,5.3,2,0,1,0,0,1,0
4472,56,30,79,94588,3,0.8,1,302,0,0,0,0,0
4474,31,5,18,92115,2,0.3,1,124,0,0,0,1,1
4475,66,41,73,95817,3,2.4,1,0,0,0,0,0,0
4477,58,32,40,95833,2,0.3,1,0,0,0,0,0,0
4480,32,8,128,93117,2,4.33,1,0,0,0,0,1,0
4484,54,28,155,90095,1,1.0,1,256,0,0,0,1,1
4485,36,11,195,95747,2,3.0,1,0,0,0,0,1,1
4489,30,4,50,91030,1,1.5,1,0,0,0,0,0,0
4491,35,9,142,90250,2,0.0,1,0,0,1,0,1,0
4492,41,16,64,91604,4,0.4,1,0,0,0,0,1,0
4496,38,14,82,95616,4,2.67,1,0,0,0,0,0,0
4497,51,25,45,95616,4,2.6,1,0,0,0,0,0,0
4498,45,21,85,95136,2,3.2,1,0,0,1,0,1,0
4499,51,26,133,90291,1,0.6,1,328,0,0,0,0,0
4500,53,26,22,91304,1,0.5,2,0,0,0,0,1,1
4503,57,32,80,92647,2,0.0,3,0,0,0,0,0,0
4504,45,21,33,92374,3,0.5,1,108,0,0,0,1,0
4509,27,2,85,94117,1,1.9,1,0,0,0,0,1,1
4510,55,30,53,94550,3,1.7,1,0,0,0,0,1,0
4512,41,17,9,91911,1,1.0,1,0,0,0,0,1,1
4513,46,22,25,95747,4,0.6,1,0,0,0,0,1,1
4514,43,19,114,92325,1,1.7,1,0,0,0,0,1,0
4518,45,18,50,91902,3,2.5,2,0,0,0,0,1,0
4520,45,21,32,92399,4,0.6,1,77,0,0,0,0,1
4523,31,5,29,90630,1,0.3,1,0,0,0,0,0,0
4525,48,24,79,94542,3,0.7,1,0,0,0,0,1,1
4526,36,11,110,94110,1,3.8,1,0,0,0,0,1,1
4529,48,23,48,94086,1,0.3,1,0,0,0,0,0,0
4532,31,7,35,94025,1,1.33,1,131,0,0,0,0,1
4535,41,17,83,94025,4,2.67,1,0,0,0,0,1,0
4539,51,24,85,94305,3,2.0,2,0,0,0,0,0,0
4540,48,24,14,94305,4,1.0,1,0,0,0,0,1,0
4541,56,32,64,90210,4,1.5,1,0,0,0,0,1,0
4542,62,38,124,95023,1,3.8,1,405,0,0,0,1,0
4543,53,29,20,94131,1,0.2,1,0,0,1,1,1,1
4545,28,4,80,95819,3,2.5,1,0,0,0,0,1,0
4547,48,24,74,91109,3,0.7,1,0,0,1,0,1,0
4549,58,33,73,93109,4,0.7,1,241,0,0,0,0,0
4550,53,29,41,94080,2,0.8,1,0,0,0,0,1,0
4555,41,16,109,94801,3,1.0,1,0,0,1,0,1,0
4557,55,29,79,94608,2,1.1,1,0,0,1,0,1,0
4559,44,19,82,95521,2,0.4,1,0,0,0,0,1,1
4563,65,40,64,94928,2,1.5,1,0,0,0,0,0,1
4564,28,2,188,92350,2,4.5,1,0,0,1,0,1,0
4565,58,32,28,90095,2,0.3,1,148,0,0,0,0,0
4567,24,0,131,92831,1,5.4,1,0,0,0,0,1,0
4575,35,11,193,91765,2,6.5,1,0,0,0,0,0,1
4580,58,32,41,94305,1,0.2,1,81,0,0,0,1,0
4581,50,24,102,91103,2,6.3,1,0,0,0,0,1,0
4584,52,26,83,92521,1,3.1,1,0,1,0,0,1,0
4593,43,18,53,92115,3,0.8,3,154,0,0,0,0,0
4597,37,13,61,95131,3,2.8,1,0,0,0,0,0,0
4599,51,26,21,94143,4,0.8,1,0,0,0,0,1,0
4600,49,25,149,90024,2,0.4,1,0,0,0,0,1,0
4603,57,32,81,94305,2,3.7,1,226,0,0,0,1,1
4604,37,12,179,91768,1,8.6,1,0,0,0,0,1,0
4607,44,20,199,94607,2,6.67,1,0,0,0,0,1,0
4614,63,38,52,91361,4,1.7,1,218,0,0,0,1,1
4619,35,9,29,95354,3,0.9,1,126,0,0,0,1,0
4620,61,36,23,95521,1,0.1,1,96,0,0,0,0,0
4621,52,26,84,94132,1,2.4,1,0,0,0,0,1,0
4622,57,32,60,93407,3,1.7,1,0,0,1,1,1,1
4623,47,20,13,94545,3,0.67,2,0,0,0,0,1,0
4625,36,11,83,90638,1,2.8,1,0,0,0,0,0,0
4630,48,24,148,91311,2,3.3,1,0,0,0,1,1,1
4633,54,29,62,94720,4,0.7,1,0,0,0,0,0,1
4634,31,5,50,93106,1,1.5,1,0,0,0,0,1,0
4636,30,5,85,91910,2,2.5,1,293,0,1,1,1,1
4637,41,16,78,95616,4,0.4,1,0,0,0,0,1,0
4642,36,11,31,94022,4,1.7,1,124,0,0,0,1,1
4644,33,7,35,95616,4,0.8,1,0,0,0,0,1,0
4646,34,10,45,92038,1,1.7,1,84,0,0,0,0,0
4647,38,13,119,94545,2,3.3,1,0,0,0,0,0,0
4648,59,35,43,95616,4,1.3,1,0,0,0,0,1,0
4650,59,35,121,91423,1,4.3,1,0,0,0,0,1,0
4652,48,24,58,94005,2,1.7,1,0,0,0,0,0,0
4653,38,12,184,91311,3,8.0,1,0,1,0,0,1,0
4654,34,10,155,92780,2,6.5,1,0,0,0,0,1,1
4660,28,4,199,92121,1,6.33,1,0,0,0,0,0,0
4661,59,35,38,92122,1,0.8,1,0,0,0,0,1,0
4662,43,19,129,95039,1,5.0,1,0,0,1,0,1,0
4664,28,3,115,92407,1,1.9,1,200,0,0,0,1,0
4666,40,16,65,90095,2,3.2,1,0,0,0,0,1,0
4667,34,9,72,94555,3,2.3,1,124,0,0,0,0,0
4671,52,26,194,94305,1,1.7,1,0,0,0,0,1,0
4673,52,26,180,95831,1,1.7,1,550,0,0,0,1,0
4676,35,11,32,91360,1,1.33,1,137,0,0,0,1,1
4677,39,13,68,91950,3,2.1,1,0,0,1,0,1,0
4680,26,0,161,94551,2,7.2,1,0,0,0,0,0,0
4681,46,21,154,90245,2,2.8,1,94,0,0,0,0,0
4682,27,3,68,95503,4,0.0,1,0,0,0,0,0,1
4683,55,25,44,92093,3,1.0,3,0,0,0,0,1,0
4684,52,28,149,92121,2,0.4,1,0,0,0,0,0,0
4685,59,34,103,91360,1,2.6,1,0,0,0,0,1,0
4687,61,35,113,91741,2,2.8,1,0,0,0,0,0,0
4694,52,28,20,95616,1,0.3,1,0,0,0,0,0,0
4696,45,19,70,95605,1,2.8,1,0,0,0,0,0,1
4699,48,22,162,94143,3,1.4,1,400,1,0,0,0,0
4700,61,36,61,91320,2,2.8,1,153,0,0,0,0,1
4701,31,7,170,95006,1,6.0,1,0,0,0,0,1,0
4702,42,16,49,90034,1,2.8,1,0,0,0,0,0,0
4706,61,37,141,92677,3,0.7,1,0,1,0,1,1,1
4707,60,36,8,92626,2,1.0,1,0,0,0,0,0,0
4708,59,35,91,95008,2,1.6,1,0,0,1,0,0,1
4709,62,37,10,92606,3,0.5,1,0,0,0,0,1,0
4712,65,40,59,94022,3,2.4,1,0,0,0,0,0,0
4714,25,1,122,93022,2,0.2,1,0,0,0,0,1,0
4715,27,3,81,90291,3,1.5,1,307,0,1,1,1,1
4717,60,34,83,95616,2,1.4,1,75,0,1,0,1,0
4718,29,5,121,95449,1,1.5,1,0,0,0,0,1,0
4719,32,6,35,91107,3,1.0,1,0,0,1,0,1,0
4722,52,26,70,94117,2,1.1,1,0,0,1,0,1,0
4724,39,15,125,90250,1,3.5,1,0,0,0,0,1,1
4725,34,8,21,94107,4,1.0,1,0,0,0,0,0,0
4726,34,8,75,95814,2,1.8,1,0,0,0,0,0,0
4727,34,10,38,95039,1,1.33,1,0,0,1,0,1,0
4728,41,17,58,92009,4,2.67,1,0,0,0,0,1,1
4733,39,13,69,92096,3,0.1,1,247,0,0,0,0,0
4734,49,23,121,90032,1,4.9,1,0,0,0,0,1,0
4738,61,36,85,94998,3,1.8,2,0,0,0,0,0,0
4739,56,32,44,94575,3,1.5,1,153,0,0,0,1,0
4740,62,38,174,94305,1,4.7,1,0,0,0,0,1,1
4741,56,30,178,93940,1,2.9,1,0,0,0,0,1,0
4742,58,32,55,93106,4,2.5,1,0,0,0,0,1,0
4744,50,26,21,94305,1,0.2,1,0,0,0,0,1,0
4746,49,23,129,94085,1,0.3,1,0,0,0,0,1,1
4750,31,5,21,94115,3,1.0,1,0,0,0,0,1,0
4752,41,17,154,92697,1,1.7,1,0,0,0,0,0,1
4753,39,14,178,92123,1,4.1,1,207,0,0,0,1,0
4755,57,33,93,94025,2,1.6,1,161,0,0,0,0,0
4756,59,35,151,93106,2,6.0,1,0,0,0,0,1,0
4758,26,2,135,94588,1,1.5,1,0,0,0,0,0,0
4759,46,21,40,90045,1,0.3,1,116,0,0,0,0,0
4761,50,25,18,95819,2,0.0,1,0,0,0,0,0,1
4762,61,35,74,91320,2,0.7,2,0,0,0,0,1,1
4766,58,34,82,94025,1,4.3,1,263,0,0,0,0,0
4767,41,15,54,91775,3,2.1,1,0,0,0,0,1,0
4768,35,9,45,90639,3,0.9,1,101,0,1,0,0,0
4770,26,2,20,95064,4,1.0,1,116,0,0,0,0,0
4773,26,2,95,92130,3,0.8,1,0,0,0,0,1,0
4779,52,27,22,90755,4,0.8,1,0,0,0,0,1,1
4783,26,0,150,91311,2,7.2,1,0,0,0,0,0,1
4784,43,19,32,94720,4,0.3,1,0,0,0,0,0,0
4785,52,28,9,90405,2,0.2,1,0,0,0,0,0,0
4787,36,12,18,95521,4,1.0,1,0,0,0,0,1,1
4789,36,10,39,92009,1,2.0,1,153,0,0,0,0,0
4792,59,35,43,91791,4,0.4,1,0,0,0,0,0,1
4793,36,10,28,90840,4,1.0,1,130,0,0,0,1,0
4794,45,21,59,94703,2,2.5,1,155,0,0,0,1,0
4796,46,21,39,91710,2,1.3,1,101,0,0,0,1,0
4798,37,11,24,94115,4,1.0,1,0,0,0,0,0,0
4800,44,20,33,94306,4,0.3,1,142,0,0,0,0,1
4801,33,7,73,94028,1,2.5,1,135,0,0,0,0,0
4802,34,10,88,94404,2,0.0,1,121,0,0,0,1,0
4803,35,11,58,91330,3,2.8,1,0,0,0,0,1,0
4806,30,6,160,90630,1,4.3,1,249,0,0,0,1,0
4807,62,37,39,93117,3,1.5,1,0,0,0,0,1,0
4808,40,14,53,90064,1,2.0,1,0,0,0,0,1,1
4811,58,34,11,92037,2,0.3,1,96,0,0,0,1,0
4816,58,32,99,92697,2,1.4,1,0,0,0,0,0,1
4818,46,22,134,93305,2,3.3,1,0,0,0,0,0,0
4820,32,6,41,95833,3,0.9,1,179,0,0,0,0,0
4822,30,6,62,95831,1,0.1,1,0,0,0,0,1,1
4823,60,36,149,92007,1,4.7,1,0,0,0,0,1,0
4825,32,6,25,96001,3,1.0,1,0,0,0,0,1,0
4826,56,32,84,95014,2,1.6,1,0,0,0,0,1,0
4828,30,6,181,91203,1,4.3,1,230,0,0,0,1,0
4834,49,24,109,92647,1,0.6,1,0,0,0,0,0,0
4835,49,23,70,94305,1,0.3,1,217,0,0,0,0,0
4836,65,39,25,95370,2,0.4,1,113,0,0,0,1,0
4838,36,10,183,95348,2,0.0,1,0,0,0,0,0,0
4839,56,30,44,91330,4,2.5,1,0,0,0,0,0,1
4840,34,8,52,95060,4,0.2,1,0,0,0,0,1,0
4842,59,35,40,92870,4,0.4,1,135,0,0,0,1,0
4845,31,6,81,90840,2,2.5,1,313,0,0,0,0,0
4846,45,21,128,94305,1,4.7,1,0,0,0,0,0,0
4849,58,32,145,94920,2,0.5,1,119,0,0,0,1,0
4851,63,39,119,91330,1,2.9,1,0,0,1,0,1,0
4852,55,31,124,93407,2,0.3,1,0,0,0,0,1,0
4854,45,19,41,91109,1,0.2,1,0,0,0,0,1,0
4855,44,20,105,91730,1,4.7,1,0,0,0,0,0,1
4856,58,32,130,94720,2,2.7,1,0,0,0,0,1,0
4861,51,25,34,93106,3,0.6,2,128,0,0,0,1,0
4863,33,7,44,95605,1,0.3,1,0,0,0,0,0,0
4867,41,17,71,94801,2,3.2,1,0,0,0,0,1,1
4872,46,22,53,95616,4,1.9,1,187,0,0,0,0,0
4874,59,35,165,94309,2,6.0,1,0,0,0,0,1,0
4876,61,36,54,94539,3,1.5,1,0,0,0,0,1,0
4879,34,9,41,92093,1,1.0,1,0,0,0,0,1,0
4880,40,15,43,90095,4,1.7,1,98,0,0,0,0,0
4881,56,32,79,92037,3,2.67,1,0,0,0,0,1,0
4883,43,19,73,94301,3,2.33,1,0,0,1,1,1,1
4886,54,30,28,92103,2,0.8,1,0,0,0,0,1,0
4889,25,1,121,93106,1,5.4,1,158,0,0,0,1,0
4890,58,28,58,90073,3,2.0,3,0,0,0,0,1,0
4892,56,31,61,90024,4,0.9,1,0,0,1,1,1,1
4896,45,20,201,92120,2,2.8,1,0,0,0,0,1,1
4897,40,15,81,94304,2,0.4,1,0,0,0,0,1,0
4898,43,18,44,91345,1,2.4,1,0,0,0,0,0,0
4901,26,1,74,90028,4,2.2,1,0,0,0,0,1,0
4903,33,8,58,90505,2,2.5,1,0,0,0,0,1,0
4904,40,15,18,94534,2,0.1,2,119,0,0,0,1,1
4905,64,40,88,94305,1,3.8,1,243,0,0,0,1,1
4906,62,37,19,93109,3,0.5,1,89,0,0,0,0,0
4909,40,16,138,92121,2,6.1,1,0,0,0,0,1,0
4911,48,22,120,90291,1,0.0,1,0,0,0,0,1,0
4912,46,22,153,94539,2,7.5,1,0,0,0,0,0,0
4915,65,39,94,92374,1,2.0,1,0,0,0,0,0,1
4917,29,5,123,90291,2,0.6,1,0,0,0,0,1,0
4920,41,16,68,92122,3,3.0,1,0,0,0,0,1,1
4923,31,5,28,90717,1,0.3,1,0,0,0,0,1,1
4924,40,15,73,92029,3,3.0,1,0,0,0,0,1,1
4925,36,12,89,91304,2,2.7,1,0,0,0,0,0,0
4930,62,36,39,92028,2,0.3,1,0,0,0,0,1,0
4933,59,35,111,91107,1,4.3,1,0,0,0,0,1,0
4934,47,23,94,92029,1,4.7,1,0,0,0,0,1,1
4936,59,33,81,94022,2,1.4,1,0,0,0,0,1,0
4938,33,8,162,94960,1,8.6,1,0,0,0,1,1,1
4940,54,29,70,92093,3,2.0,2,116,0,0,0,1,1
4941,46,22,19,92870,3,0.5,1,0,0,0,0,1,0
4943,52,26,109,94710,1,2.4,1,308,0,0,1,1,1
4946,42,18,49,95351,2,1.7,1,106,0,0,0,0,1
4948,39,13,41,95064,2,0.3,1,108,0,0,0,1,1
4949,44,20,43,95032,1,0.7,1,0,0,0,0,0,1
4950,29,5,64,94114,4,0.0,1,249,0,0,0,0,1
4951,47,23,19,90089,1,1.0,1,0,0,0,0,0,1
4954,47,21,32,95051,3,1.5,1,75,0,0,0,1,0
4955,45,19,22,94904,3,1.5,1,0,0,0,0,1,1
4965,53,27,110,90245,1,4.9,1,0,0,0,0,1,0
4967,41,17,34,91361,1,0.7,1,143,0,0,0,0,0
4969,58,32,41,93022,4,2.5,1,0,0,0,0,1,1
4976,38,11,29,95207,4,1.0,2,0,0,0,0,1,0
4981,29,5,135,95762,3,5.3,1,0,1,0,1,1,1
4982,34,9,195,90266,2,3.0,1,122,0,0,0,1,0
4983,36,10,45,95126,4,0.2,1,0,0,0,0,0,1
4984,51,26,72,95370,1,2.9,1,0,0,0,0,0,0
4989,34,8,85,95134,1,2.5,1,136,0,0,0,0,1
4994,45,21,218,91801,2,6.67,1,0,0,0,0,1,0
4997,30,4,15,92037,4,0.4,1,85,0,0,0,1,0
5000,28,4,83,92612,3,0.8,1,0,0,0,0,1,1
